0,1
3998.7667285432,1.005833745
3997.8024732433,1.0057556629
3996.8382179434,1.005491972
3995.8739626436,1.0049529076
3994.9097073437,1.0046875477
3993.9454520438,1.0050506592
3992.981196744,1.0053732395
3992.0169414441,1.005092144
3991.0526861442,1.0045934916
3990.0884308444,1.0046519041
3989.1241755445,1.0052576065
3988.1599202446,1.0057502985
3987.1956649448,1.0058841705
3986.2314096449,1.0057865381
3985.267154345,1.0056843758
3984.3028990452,1.0055993795
3983.3386437453,1.0052931309
3982.3743884454,1.0050157309
3981.4101331456,1.0051590204
3980.4458778457,1.0054680109
3979.4816225458,1.0056593418
3978.517367246,1.0056990385
3977.5531119461,1.0053083897
3976.5888566462,1.0044939518
3975.6246013464,1.0039212704
3974.6603460465,1.0038532019
3973.6960907466,1.0038394928
3972.7318354468,1.0038399696
3971.7675801469,1.0042788982
3970.803324847,1.0046986341
3969.8390695472,1.0044572353
3968.8748142473,1.0043665171
3967.9105589474,1.005023241
3966.9463036476,1.0056056976
3965.9820483477,1.0056669712
3965.0177930479,1.0055173635
3964.053537748,1.0051672459
3963.0892824481,1.0040994883
3962.1250271483,1.0029089451
3961.1607718484,1.0031775236
3960.1965165485,1.0042668581
3959.2322612487,1.0046106577
3958.2680059488,1.0042589903
3957.3037506489,1.0039579868
3956.3394953491,1.0042372942
3955.3752400492,1.004770875
3954.4109847493,1.0046653748
3953.4467294495,1.0040506124
3952.4824741496,1.0037704706
3951.5182188497,1.0027626753
3950.5539635499,1.000328064
3949.58970825,0.9989752769
3948.6254529501,0.9991443157
3947.6611976503,0.9998150468
3946.6969423504,1.0018632412
3945.7326870505,1.0037046671
3944.7684317507,1.0028071404
3943.8041764508,0.9991083741
3942.8399211509,0.9964429736
3941.8756658511,0.9990237951
3940.9114105512,1.0031621456
3939.9471552513,1.0046447515
3938.9828999515,1.0044788122
3938.0186446516,1.0046082735
3937.0543893517,1.0051560402
3936.0901340519,1.0050762892
3935.125878752,1.0038278103
3934.1616234521,1.0013427734
3933.1973681523,0.9975388646
3932.2331128524,0.9951485991
3931.2688575526,0.9963763952
3930.3046022527,0.9981076717
3929.3403469528,0.999504149
3928.376091653,1.0019749403
3927.4118363531,1.0035754442
3926.4475810532,1.0015146732
3925.4833257534,0.9965735078
3924.5190704535,0.9944210649
3923.5548151536,0.9977661371
3922.5905598538,1.0018132925
3921.6263045539,1.0020982027
3920.662049254,0.9990051389
3919.6977939542,0.9978738427
3918.7335386543,0.9986894131
3917.7692833544,0.9963447452
3916.8050280546,0.9944890738
3915.8407727547,0.9983891845
3914.8765174548,1.0030552149
3913.912262155,1.0049128532
3912.9480068551,1.0052375793
3911.9837515552,1.0053514242
3911.0194962554,1.0054240227
3910.0552409555,1.0054244995
3909.0909856556,1.0052642822
3908.1267303558,1.0041410923
3907.1624750559,1.0002573729
3906.198219756,0.9936689734
3905.2339644562,0.9871889353
3904.2697091563,0.9841489792
3903.3054538564,0.9839862585
3902.3411985566,0.9839882851
3901.3769432567,0.9862781167
3900.4126879568,0.9880364537
3899.448432657,0.9866830707
3898.4841773571,0.9900738001
3897.5199220573,0.9977220893
3896.5556667574,1.0025023222
3895.5914114575,1.0030436516
3894.6271561577,1.0010248423
3893.6629008578,0.998108685
3892.6986455579,0.9931194186
3891.7343902581,0.9874336123
3890.7701349582,0.9901948571
3889.8058796583,0.9982495308
3888.8416243585,1.0024843216
3887.8773690586,1.001388669
3886.9131137587,0.9947071671
3885.9488584589,0.9865276217
3884.984603159,0.9881424308
3884.0203478591,0.9936278462
3883.0560925593,0.9958041906
3882.0918372594,0.9934596419
3881.1275819595,0.9859135747
3880.1633266597,0.9838148355
3879.1990713598,0.9934054613
3878.2348160599,1.0012274981
3877.2705607601,1.0033644438
3876.3063054602,1.0014141798
3875.3420501603,0.9942219853
3874.3777948605,0.9858539104
3873.4135395606,0.9880023003
3872.4492842607,0.9930503964
3871.4850289609,0.9895344973
3870.520773661,0.9781841636
3869.5565183611,0.9754701853
3868.5922630613,0.9875889421
3867.6280077614,0.9964958429
3866.6637524615,0.9957812428
3865.6994971617,0.9870105386
3864.7352418618,0.9813944697
3863.770986562,0.9858757257
3862.8067312621,0.9894273281
3861.8424759622,0.9908162951
3860.8782206624,0.9957077503
3859.9139653625,1.0005351305
3858.9497100626,1.0001853704
3857.9854547628,0.9949840903
3857.0211994629,0.9902324677
3856.056944163,0.9880218506
3855.0926888632,0.9808962345
3854.1284335633,0.963783145
3853.1641782634,0.9573412538
3852.1999229636,0.9685053825
3851.2356676637,0.9826220274
3850.2714123638,0.991429925
3849.307157064,0.9962829351
3848.3429017641,1.0002318621
3847.3786464642,1.0025769472
3846.4143911644,1.0023112297
3845.4501358645,0.9987857938
3844.4858805646,0.9921610355
3843.5216252648,0.9889057279
3842.5573699649,0.9904373884
3841.593114665,0.9872029424
3840.6288593652,0.9798182249
3839.6646040653,0.9770837426
3838.7003487654,0.9757687449
3837.7360934656,0.9764586687
3836.7718381657,0.9828070998
3835.8075828658,0.9858629704
3834.843327566,0.9872411489
3833.8790722661,0.991933763
3832.9148169662,0.9930558205
3831.9505616664,0.9897076488
3830.9863063665,0.9919891953
3830.0220510667,0.9981151223
3829.0577957668,0.9997962713
3828.0935404669,0.9961058497
3827.1292851671,0.9913796782
3826.1650298672,0.991874218
3825.2007745673,0.9956009984
3824.2365192675,0.996427834
3823.2722639676,0.9921070933
3822.3080086677,0.9805400372
3821.3437533679,0.9664126039
3820.379498068,0.9708590508
3819.4152427681,0.9845613241
3818.4509874683,0.9915178418
3817.4867321684,0.9893113971
3816.5224768685,0.980951786
3815.5582215687,0.9820969701
3814.5939662688,0.9929513931
3813.6297109689,1.0001974106
3812.6654556691,1.0028756857
3811.7012003692,1.0035338402
3810.7369450693,1.0034040213
3809.7726897695,1.0022230148
3808.8084344696,0.9981793165
3807.8441791697,0.9893455505
3806.8799238699,0.9833160639
3805.91566857,0.9896771908
3804.9514132701,0.9957800508
3803.9871579703,0.9936312437
3803.0229026704,0.9840874076
3802.0586473705,0.9723281264
3801.0943920707,0.9725777507
3800.1301367708,0.9849398732
3799.1658814709,0.9932903647
3798.2016261711,0.9935437441
3797.2373708712,0.9889658689
3796.2731155713,0.9888571501
3795.3088602715,0.9957711697
3794.3446049716,1.0016304255
3793.3803496718,1.0037612915
3792.4160943719,1.0042728186
3791.451839072,1.0044233799
3790.4875837722,1.0042544603
3789.5233284723,1.0040411949
3788.5590731724,1.003942728
3787.5948178726,1.0033301115
3786.6305625727,1.0010414124
3785.6663072728,0.9971143603
3784.702051973,0.9953993559
3783.7377966731,0.9984898567
3782.7735413732,1.001914382
3781.8092860734,1.0019005537
3780.8450307735,0.9973700047
3779.8807754736,0.9906824827
3778.9165201738,0.9910570979
3777.9522648739,0.9975770712
3776.988009574,1.0021356344
3776.0237542742,1.0038400888
3775.0594989743,1.0042573214
3774.0952436744,1.0041532516
3773.1309883746,1.0034294128
3772.1667330747,1.0009884834
3771.2024777748,0.9949153066
3770.238222475,0.9876035452
3769.2739671751,0.989163518
3768.3097118752,0.9961366653
3767.3454565754,0.9975931048
3766.3812012755,0.993041873
3765.4169459756,0.991533339
3764.4526906758,0.9963830113
3763.4884353759,1.0003390312
3762.524180076,1.001095891
3761.5599247762,0.9985276461
3760.5956694763,0.9908795357
3759.6314141765,0.9843220711
3758.6671588766,0.9875096679
3757.7029035767,0.9910001755
3756.7386482769,0.9907009006
3755.774392977,0.9923180342
3754.8101376771,0.9934878945
3753.8458823773,0.9884346724
3752.8816270774,0.9760900736
3751.9173717775,0.9658458233
3750.9531164777,0.9661421776
3749.9888611778,0.9673933387
3749.0246058779,0.9713993669
3748.0603505781,0.9793909788
3747.0960952782,0.9834581017
3746.1318399783,0.9805628657
3745.1675846785,0.9692416787
3744.2033293786,0.9669043422
3743.2390740787,0.9805002213
3742.2748187789,0.9869155884
3741.310563479,0.9875090122
3740.3463081791,0.9888793826
3739.3820528793,0.9891582727
3738.4177975794,0.9848103523
3737.4535422795,0.9777703881
3736.4892869797,0.9678357244
3735.5250316798,0.958869338
3734.5607763799,0.9639885426
3733.5965210801,0.9736998677
3732.6322657802,0.9769744277
3731.6680104803,0.9810624123
3730.7037551805,0.9897164702
3729.7394998806,0.9956420064
3728.7752445807,0.9964312315
3727.8109892809,0.9926319718
3726.846733981,0.9872679114
3725.8824786812,0.9857494831
3724.9182233813,0.9883565903
3723.9539680814,0.989341855
3722.9897127816,0.985938549
3722.0254574817,0.985676229
3721.0612021818,0.9916937351
3720.096946882,0.9944597483
3719.1326915821,0.9936550856
3718.1684362822,0.9959098697
3717.2041809824,0.9995711446
3716.2399256825,1.0001107454
3715.2756703826,0.9980407953
3714.3114150828,0.9945661426
3713.3471597829,0.9869674444
3712.382904483,0.9756022096
3711.4186491832,0.9734014273
3710.4543938833,0.9777950644
3709.4901385834,0.9818347096
3708.5258832836,0.9893244505
3707.5616279837,0.9963869452
3706.5973726838,0.9990285039
3705.633117384,0.9994925261
3704.6688620841,0.9998727441
3703.7046067842,0.9981187582
3702.7403514844,0.9920508862
3701.7760961845,0.9876848459
3700.8118408846,0.9923795462
3699.8475855848,0.9985500574
3698.8833302849,1.0008755922
3697.919074985,1.0006425381
3696.9548196852,0.9996769428
3695.9905643853,0.9993200898
3695.0263090854,0.9994055629
3694.0620537856,0.9986531734
3693.0977984857,0.9955815077
3692.1335431859,0.9875634909
3691.169287886,0.9780499339
3690.2050325861,0.9759032726
3689.2407772863,0.9756808281
3688.2765219864,0.9771643877
3687.3122666865,0.9869980812
3686.3480113867,0.9956046343
3685.3837560868,0.9989010096
3684.4195007869,0.9997151494
3683.4552454871,1.0008378029
3682.4909901872,1.0015560389
3681.5267348873,0.9999055862
3680.5624795875,0.9950129986
3679.5982242876,0.9901902676
3678.6339689877,0.9890366793
3677.6697136879,0.9862385392
3676.705458388,0.9745754004
3675.7412030881,0.9572274685
3674.7769477883,0.963147819
3673.8126924884,0.9821243286
3672.8484371885,0.9911771417
3671.8841818887,0.9881324768
3670.9199265888,0.9771662354
3669.9556712889,0.9721490741
3668.9914159891,0.9786142707
3668.0271606892,0.9894111753
3667.0629053893,0.9978209734
3666.0986500895,1.0015845299
3665.1343947896,1.0027166605
3664.1701394897,1.0031434298
3663.2058841899,1.0032020807
3662.24162889,1.0030491352
3661.2773735901,1.0025451183
3660.3131182903,1.0017859936
3659.3488629904,1.0012584925
3658.3846076906,0.9995557666
3657.4203523907,0.9936959147
3656.4560970908,0.9871339202
3655.491841791,0.9902565479
3654.5275864911,0.9969218969
3653.5633311912,0.9984688163
3652.5990758914,0.992868185
3651.6348205915,0.9792992473
3650.6705652916,0.9639180899
3649.7063099918,0.9604470134
3648.7420546919,0.9636784196
3647.777799392,0.9655026793
3646.8135440922,0.9734017849
3645.8492887923,0.9870140553
3644.8850334924,0.9964216948
3643.9207781926,0.9990554452
3642.9565228927,0.9980257154
3641.9922675928,0.997885406
3641.028012293,0.9996865392
3640.0637569931,1.0007100105
3639.0995016932,0.9995684624
3638.1352463934,0.9983784556
3637.1709910935,0.9993373752
3636.2067357936,1.0003272295
3635.2424804938,0.9978508353
3634.2782251939,0.9932414889
3633.313969894,0.9926792383
3632.3497145942,0.9949153662
3631.3854592943,0.9926162958
3630.4212039944,0.9824448824
3629.4569486946,0.9675887227
3628.4926933947,0.9679501653
3627.5284380948,0.981087923
3626.564182795,0.9899750352
3625.5999274951,0.9948664904
3624.6356721953,0.9978934526
3623.6714168954,0.9987244606
3622.7071615955,0.9972965121
3621.7429062957,0.993249774
3620.7786509958,0.9865726829
3619.8143956959,0.9803976417
3618.8501403961,0.9787428379
3617.8858850962,0.9823518395
3616.9216297963,0.9883593917
3615.9573744965,0.99033463
3614.9931191966,0.9873487949
3614.0288638967,0.9843733311
3613.0646085969,0.9836543798
3612.100353297,0.9874488115
3611.1360979971,0.9924638867
3610.1718426973,0.9916033745
3609.2075873974,0.9871717691
3608.2433320975,0.9856099486
3607.2790767977,0.9869972467
3606.3148214978,0.992046833
3605.3505661979,0.997817874
3604.3863108981,0.9997777939
3603.4220555982,0.9985903502
3602.4578002983,0.9960656762
3601.4935449985,0.992934823
3600.5292896986,0.9914979935
3599.5650343987,0.9922754169
3598.6007790989,0.9932779074
3597.636523799,0.9939689636
3596.6722684991,0.9926652908
3595.7080131993,0.989931941
3594.7437578994,0.9897485375
3593.7795025995,0.9913435578
3592.8152472997,0.9938656688
3591.8509919998,0.9973560572
3590.8867366999,0.9984426498
3589.9224814001,0.9946913719
3588.9582261002,0.9868218303
3587.9939708004,0.9796286821
3587.0297155005,0.9789753556
3586.0654602006,0.9862885475
3585.1012049008,0.9943108559
3584.1369496009,0.9974304438
3583.172694301,0.9983539581
3582.2084390012,0.9995290041
3581.2441837013,0.9994257092
3580.2799284014,0.9982677102
3579.3156731016,0.9983282685
3578.3514178017,0.9989076853
3577.3871625018,0.9986605048
3576.422907202,0.9986155033
3575.4586519021,0.9987739921
3574.4943966022,0.9988417625
3573.5301413024,0.9996610284
3572.5658860025,1.0004831553
3571.6016307026,1.0000476837
3570.6373754028,0.9983867407
3569.6731201029,0.9942599535
3568.708864803,0.9860452414
3567.7446095032,0.9773353934
3566.7803542033,0.9747483134
3565.8160989034,0.980310142
3564.8518436036,0.9885721207
3563.8875883037,0.9932919741
3562.9233330038,0.9954610467
3561.959077704,0.9969426394
3560.9948224041,0.9969085455
3560.0305671042,0.9969972372
3559.0663118044,0.9986559153
3558.1020565045,0.9999570251
3557.1378012046,1.0002515316
3556.1735459048,1.0005686283
3555.2092906049,1.000210166
3554.2450353051,0.9982811809
3553.2807800052,0.9953302741
3552.3165247053,0.9937005639
3551.3522694055,0.9956703782
3550.3880141056,0.9986096621
3549.4237588057,0.9990934134
3548.4595035059,0.996762991
3547.495248206,0.9935252666
3546.5309929061,0.9918471575
3545.5667376063,0.9917482138
3544.6024823064,0.9928545952
3543.6382270065,0.9954684973
3542.6739717067,0.9983896613
3541.7097164068,1.0001959801
3540.7454611069,1.0007882118
3539.7812058071,1.0008933544
3538.8169505072,1.0008299351
3537.8526952073,0.9999504685
3536.8884399075,0.9983499646
3535.9241846076,0.9981583953
3534.9599293077,0.9997224212
3533.9956740079,1.000926137
3533.031418708,1.0009237528
3532.0671634081,0.9999734163
3531.1029081083,0.99855721
3530.1386528084,0.9969134331
3529.1743975085,0.9950824976
3528.2101422087,0.9938466549
3527.2458869088,0.9940258265
3526.2816316089,0.9952702522
3525.3173763091,0.996099472
3524.3531210092,0.9953348637
3523.3888657093,0.9942064881
3522.4246104095,0.9954069853
3521.4603551096,0.9982171059
3520.4960998098,0.9997233748
3519.5318445099,0.9996385574
3518.56758921,0.9995541573
3517.6033339102,1.0000178814
3516.6390786103,1.000571847
3515.6748233104,1.0008847713
3514.7105680106,1.0009229183
3513.7463127107,1.0006139278
3512.7820574108,0.9999509454
3511.817802111,0.9991134405
3510.8535468111,0.9976550937
3509.8892915112,0.9959009886
3508.9250362114,0.9962099791
3507.9607809115,0.9984882474
3506.9965256116,0.9998278618
3506.0322703118,0.999240458
3505.0680150119,0.9972761869
3504.103759712,0.9949141145
3503.1395044122,0.9940512776
3502.1752491123,0.9954736233
3501.2109938124,0.997571826
3500.2467385126,0.9990280271
3499.2824832127,0.9998146296
3498.3182279128,0.9998652935
3497.353972613,0.9990211129
3496.3897173131,0.9981548786
3495.4254620132,0.9983265996
3494.4612067134,0.9991824627
3493.4969514135,0.9998199344
3492.5326961136,0.99995327
3491.5684408138,0.9998164773
3490.6041855139,0.9996656775
3489.639930214,0.9990605712
3488.6756749142,0.9979385734
3487.7114196143,0.9976377487
3486.7471643145,0.9984121919
3485.7829090146,0.9990634322
3484.8186537147,0.9992400408
3483.8543984149,0.9986015558
3482.890143115,0.9970031381
3481.9258878151,0.9961054921
3480.9616325153,0.9970752597
3479.9973772154,0.9987428784
3479.0331219155,0.9997219443
3478.0688666157,0.9999022484
3477.1046113158,0.9996680617
3476.1403560159,0.999009192
3475.1761007161,0.9983628392
3474.2118454162,0.9985661507
3473.2475901163,0.9992554188
3472.2833348165,0.9995674491
3471.3190795166,0.9996414781
3470.3548242167,1.0001214743
3469.3905689169,1.0006976128
3468.426313617,1.0004155636
3467.4620583171,0.9995799661
3466.4978030173,0.9991374612
3465.5335477174,0.9991177917
3464.5692924175,0.9989647269
3463.6050371177,0.9983503222
3462.6407818178,0.9977250695
3461.6765265179,0.9977840781
3460.7122712181,0.9984076023
3459.7480159182,0.9989038706
3458.7837606183,0.9990309477
3457.8195053185,0.9990385175
3456.8552500186,0.9990177751
3455.8909947187,0.9990208149
3454.9267394189,0.9991086721
3453.962484119,0.9991893172
3452.9982288192,0.9992007017
3452.0339735193,0.999199748
3451.0697182194,0.9991916418
3450.1054629196,0.9990269542
3449.1412076197,0.9980384707
3448.1769523198,0.9956404567
3447.21269702,0.9938203692
3446.2484417201,0.9949757457
3445.2841864202,0.9971935749
3444.3199311204,0.9979518056
3443.3556758205,0.9973763227
3442.3914205206,0.9969943166
3441.4271652208,0.9976392984
3440.4629099209,0.9984013438
3439.498654621,0.9986955523
3438.5343993212,0.9990103245
3437.5701440213,0.9993168116
3436.6058887214,0.9994167089
3435.6416334216,0.9996374846
3434.6773781217,0.9996618629
3433.7131228218,0.9989872575
3432.748867522,0.9982292056
3431.7846122221,0.9980205297
3430.8203569222,0.9982376695
3429.8561016224,0.9984043241
3428.8918463225,0.9982581735
3427.9275910226,0.9980816245
3426.9633357228,0.9981164932
3425.9990804229,0.9982659221
3425.034825123,0.9982954264
3424.0705698232,0.9980016947
3423.1063145233,0.9973874688
3422.1420592234,0.9965079427
3421.1778039236,0.9956288338
3420.2135486237,0.9956078529
3419.2492933239,0.9966519475
3418.285038024,0.9976561069
3417.3207827241,0.998062253
3416.3565274243,0.9981729984
3415.3922721244,0.9981187582
3414.4280168245,0.9980571866
3413.4637615247,0.9981731176
3412.4995062248,0.9982027411
3411.5352509249,0.9979831576
3410.5709956251,0.9979274273
3409.6067403252,0.9981016517
3408.6424850253,0.9980477095
3407.6782297255,0.9977548122
3406.7139744256,0.9975652099
3405.7497191257,0.9974340796
3404.7854638259,0.9971777797
3403.821208526,0.9971441031
3402.8569532261,0.9978393316
3401.8926979263,0.9989503622
3400.9284426264,0.9995945692
3399.9641873265,0.9992586374
3398.9999320267,0.9979710579
3398.0356767268,0.9964379072
3397.0714214269,0.995848
3396.1071661271,0.996322453
3395.1429108272,0.9966555238
3394.1786555273,0.9961880445
3393.2144002275,0.9958258271
3392.2501449276,0.9965766668
3391.2858896277,0.9974325299
3390.3216343279,0.9971519113
3389.357379028,0.9965180755
3388.3931237281,0.9963467121
3387.4288684283,0.9962714314
3386.4646131284,0.9959154129
3385.5003578286,0.995500505
3384.5361025287,0.9954189658
3383.5718472288,0.9956588149
3382.607591929,0.9959164262
3381.6433366291,0.9960057139
3380.6790813292,0.9959082603
3379.7148260294,0.9957429171
3378.7505707295,0.9957042933
3377.7863154296,0.9957415462
3376.8220601298,0.9956482053
3375.8578048299,0.9954963326
3374.89354953,0.9954684973
3373.9292942302,0.9955077767
3372.9650389303,0.9955196381
3372.0007836304,0.9956962466
3371.0365283306,0.9962905049
3370.0722730307,0.996946156
3369.1080177308,0.9969713688
3368.143762431,0.9964418411
3367.1795071311,0.9958421588
3366.2152518312,0.9951996207
3365.2509965314,0.9947583079
3364.2867412315,0.994925797
3363.3224859316,0.9952731133
3362.3582306318,0.9953120351
3361.3939753319,0.995311141
3360.429720032,0.9954909682
3359.4654647322,0.9957434535
3358.5012094323,0.9959620237
3357.5369541324,0.9959364533
3356.5726988326,0.9957151413
3355.6084435327,0.9957081079
3354.6441882328,0.9959769249
3353.679932933,0.9962344766
3352.7156776331,0.9965621233
3351.7514223332,0.9972074628
3350.7871670334,0.9976442456
3349.8229117335,0.9972518682
3348.8586564337,0.9966440797
3347.8944011338,0.9965131283
3346.9301458339,0.9966375232
3345.9658905341,0.9967145324
3345.0016352342,0.9968106151
3344.0373799343,0.9970088005
3343.0731246345,0.9970989227
3342.1088693346,0.9969272017
3341.1446140347,0.9968218803
3340.1803587349,0.997177124
3339.216103435,0.9976932406
3338.2518481351,0.997407794
3337.2875928353,0.9964395165
3336.3233375354,0.9960499406
3335.3590822355,0.9963989258
3334.3948269357,0.9968124032
3333.4305716358,0.9970998168
3332.4663163359,0.9972490072
3331.5020610361,0.9972712994
3330.5378057362,0.997228384
3329.5735504363,0.9971238971
3328.6092951365,0.9969692826
3327.6450398366,0.9969208241
3326.6807845367,0.9971766472
3325.7165292369,0.9973820448
3324.752273937,0.9971256256
3323.7880186371,0.9968215823
3322.8237633373,0.9968467355
3321.8595080374,0.9970548153
3320.8952527375,0.9972367287
3319.9309974377,0.9972859025
3318.9667421378,0.9972341061
3318.0024868379,0.9971541762
3317.0382315381,0.9971163869
3316.0739762382,0.9971489906
3315.1097209384,0.9970595837
3314.1454656385,0.9967070818
3313.1812103386,0.9964005947
3312.2169550388,0.9964029789
3311.2526997389,0.9965825081
3310.288444439,0.9968112111
3309.3241891392,0.9969742894
3308.3599338393,0.9973042011
3307.3956785394,0.9981719851
3306.4314232396,0.9990484118
3305.4671679397,0.9991586804
3304.5029126398,0.9984220862
3303.53865734,0.9974121451
3302.5744020401,0.9968417287
3301.6101467402,0.9967261553
3300.6458914404,0.9967088103
3299.6816361405,0.9966899753
3298.7173808406,0.9966967106
3297.7531255408,0.9968194366
3296.7888702409,0.9970804453
3295.824614941,0.9972835779
3294.8603596412,0.9971880317
3293.8961043413,0.9969679117
3292.9318490414,0.9970332384
3291.9675937416,0.9970902205
3291.0033384417,0.9967184663
3290.0390831418,0.9963434339
3289.074827842,0.9963178039
3288.1105725421,0.996512413
3287.1463172422,0.9967216849
3286.1820619424,0.9967467189
3285.2178066425,0.996558249
3284.2535513426,0.9963470101
3283.2892960428,0.9963676929
3282.3250407429,0.9965489507
3281.3607854431,0.9965291619
3280.3965301432,0.9963148832
3279.4322748433,0.9962517619
3278.4680195435,0.996273458
3277.5037642436,0.9959971309
3276.5395089437,0.9957358837
3275.5752536439,0.9958335161
3274.610998344,0.9957139492
3273.6467430441,0.995588541
3272.6824877443,0.9964025021
3271.7182324444,0.9976392984
3270.7539771445,0.9980258346
3269.7897218447,0.9974134564
3268.8254665448,0.9966583252
3267.8612112449,0.9963515997
3266.8969559451,0.9963314533
3265.9327006452,0.9963377714
3264.9684453453,0.9963794351
3264.0041900455,0.9964950681
3263.0399347456,0.9966248274
3262.0756794457,0.9966383576
3261.1114241459,0.9965031147
3260.147168846,0.9964012504
3259.1829135461,0.9964190125
3258.2186582463,0.9963831306
3257.2544029464,0.9963697791
3256.2901476465,0.9964314103
3255.3258923467,0.996127069
3254.3616370468,0.9956932068
3253.3973817469,0.9959024191
3252.4331264471,0.9964925051
3251.4688711472,0.9968335032
3250.5046158473,0.9968894124
3249.5403605475,0.9968302846
3248.5761052476,0.9969015121
3247.6118499478,0.9970741272
3246.6475946479,0.9966519475
3245.683339348,0.9956507683
3244.7190840482,0.9953046441
3243.7548287483,0.9959282279
3242.7905734484,0.9965269566
3241.8263181486,0.9966610074
3240.8620628487,0.9966489673
3239.8978075488,0.9966927767
3238.933552249,0.9967557192
3237.9692969491,0.9967038631
3237.0050416492,0.9965716004
3236.0407863494,0.9966971874
3235.0765310495,0.9973030686
3234.1122757496,0.9979224801
3233.1480204498,0.9977760315
3232.1837651499,0.9970671535
3231.21950985,0.9966043234
3230.2552545502,0.9965666533
3229.2909992503,0.9967364073
3228.3267439504,0.9968734384
3227.3624886506,0.9969568849
3226.3982333507,0.9971345663
3225.4339780508,0.9973295927
3224.469722751,0.9974221587
3223.5054674511,0.997412324
3222.5412121512,0.997330904
3221.5769568514,0.9971868396
3220.6127015515,0.9968742132
3219.6484462516,0.9965808392
3218.6841909518,0.9967312813
3217.7199356519,0.9971398115
3216.755680352,0.997368753
3215.7914250522,0.9972131848
3214.8271697523,0.996707499
3213.8629144525,0.9965389967
3212.8986591526,0.9970774651
3211.9344038527,0.9975839257
3210.9701485529,0.9975160956
3210.005893253,0.9972810149
3209.0416379531,0.9974529743
3208.0773826533,0.9978346229
3207.1131273534,0.9979802966
3206.1488720535,0.997979939
3205.1846167537,0.9980279207
3204.2203614538,0.9980819225
3203.2561061539,0.9980963469
3202.2918508541,0.9981501698
3201.3275955542,0.9982571602
3200.3633402543,0.9982863665
3199.3990849545,0.9980829954
3198.4348296546,0.9977148771
3197.4705743547,0.997586906
3196.5063190549,0.9978414774
3195.542063755,0.9981738925
3194.5778084551,0.9983764291
3193.6135531553,0.9984493256
3192.6492978554,0.9985077381
3191.6850425555,0.998617053
3190.7207872557,0.9986595511
3189.7565319558,0.9986134768
3188.7922766559,0.9986272454
3187.8280213561,0.9986926913
3186.8637660562,0.9986265302
3185.8995107563,0.9984422922
3184.9352554565,0.9984195232
3183.9710001566,0.9986510873
3183.0067448567,0.998925209
3182.0424895569,0.9990778565
3181.078234257,0.9990831017
3180.1139789572,0.9988752007
3179.1497236573,0.998416841
3178.1854683574,0.9981395006
3177.2212130576,0.9984879494
3176.2569577577,0.9990458488
3175.2927024578,0.9993102551
3174.328447158,0.9993911386
3173.3641918581,0.9994729757
3172.3999365582,0.9995495677
3171.4356812584,0.999561131
3170.4714259585,0.9995266795
3169.5071706586,0.9995320439
3168.5429153588,0.9996014237
3167.5786600589,0.9997014403
3166.614404759,0.9997909665
3165.6501494592,0.9998649359
3164.6858941593,0.9999386072
3163.7216388594,0.99998492
3162.7573835596,0.9999911785
3161.7931282597,1.0000245571
3160.8288729598,1.0000789165
3159.86461766,1.0000696182
3158.9003623601,1.0000244379
3157.9361070602,1.0000121593
3156.9718517604,1.0000430346
3156.0075964605,1.0000596046
3155.0433411606,1.0001052618
3154.0790858608,1.0004943609
3153.1148305609,1.0011498928
3152.150575261,1.0012907982
3151.1863199612,1.0007189512
3150.2220646613,1.0002281666
3149.2578093614,1.0002220869
3148.2935540616,1.0004092455
3147.3292987617,1.0005432367
3146.3650434618,1.0006114244
3145.400788162,1.0006814003
3144.4365328621,1.0007349253
3143.4722775623,1.0007258654
3142.5080222624,1.0007272959
3141.5437669625,1.000877738
3140.5795116627,1.0012310743
3139.6152563628,1.0014896393
3138.6510010629,1.0013854504
3137.6867457631,1.0011818409
3136.7224904632,1.0011363029
3135.7582351633,1.0011489391
3134.7939798635,1.0009480715
3133.8297245636,1.0004910231
3132.8654692637,1.0003198385
3131.9012139639,1.0007523298
3130.936958664,1.0012902021
3129.9727033641,1.0014984608
3129.0084480643,1.0014048815
3128.0441927644,1.0011540651
3127.0799374645,1.0009181499
3126.1156821647,1.0009239912
3125.1514268648,1.0011506081
3124.1871715649,1.0011197329
3123.2229162651,1.0007605553
3122.2586609652,1.0010104179
3121.2944056653,1.0021854639
3120.3301503655,1.0029671192
3119.3658950656,1.0027053356
3118.4016397657,1.002505064
3117.4373844659,1.0027699471
3116.473129166,1.0027667284
3115.5088738661,1.0025297403
3114.5446185663,1.0023835897
3113.5803632664,1.0021957159
3112.6161079665,1.0020623207
3111.6518526667,1.0021233559
3110.6875973668,1.0023685694
3109.723342067,1.0028041601
3108.7590867671,1.0030466318
3107.7948314672,1.0028136969
3106.8305761674,1.0026168823
3105.8663208675,1.0027463436
3104.9020655676,1.0028332472
3103.9378102678,1.0026805401
3102.9735549679,1.0024309158
3102.009299668,1.0022639036
3101.0450443682,1.0023052692
3100.0807890683,1.0025382042
3099.1165337684,1.0028326511
3098.1522784686,1.0029864311
3097.1880231687,1.0027643442
3096.2237678688,1.0024505854
3095.259512569,1.002615571
3094.2952572691,1.0030844212
3093.3310019692,1.0034255981
3092.3667466694,1.0037395954
3091.4024913695,1.0041507483
3090.4382360696,1.0043553114
3089.4739807698,1.004149437
3088.5097254699,1.0038934946
3087.54547017,1.0038388968
3086.5812148702,1.0039424896
3085.6169595703,1.0043478012
3084.6527042704,1.0048266649
3083.6884489706,1.0046898127
3082.7241936707,1.0041834116
3081.7599383708,1.0041965246
3080.795683071,1.0045280457
3079.8314277711,1.0046374798
3078.8671724712,1.0047991276
3077.9029171714,1.0049911737
3076.9386618715,1.0048372746
3075.9744065717,1.004548192
3075.0101512718,1.0044195652
3074.0458959719,1.0044008493
3073.0816406721,1.0044045448
3072.1173853722,1.0044202805
3071.1531300723,1.0044444799
3070.1888747725,1.0045309067
3069.2246194726,1.004711628
3068.2603641727,1.0047500134
3067.2961088729,1.0045390129
3066.331853573,1.0042661428
3065.3675982731,1.0039235353
3064.4033429733,1.003760457
3063.4390876734,1.0041276217
3062.4748323735,1.0046064854
3061.5105770737,1.0047652721
3060.5463217738,1.0047233105
3059.5820664739,1.0047123432
3058.6178111741,1.00477314
3057.6535558742,1.0046149492
3056.6893005743,1.004288435
3055.7250452745,1.004379034
3054.7607899746,1.0047984123
3053.7965346747,1.0049825907
3052.8322793749,1.0050661564
3051.868024075,1.0053361654
3050.9037687751,1.0054162741
3049.9395134753,1.004989028
3048.9752581754,1.0045796633
3048.0110028755,1.0046941042
3047.0467475757,1.0051194429
3046.0824922758,1.0055302382
3045.1182369759,1.0057075024
3044.1539816761,1.0057816505
3043.1897263762,1.0060354471
3042.2254710764,1.0061506033
3041.2612157765,1.0059481859
3040.2969604766,1.00568223
3039.3327051768,1.0054272413
3038.3684498769,1.0052324533
3037.404194577,1.0051378012
3036.4399392772,1.005156517
3035.4756839773,1.0052435398
3034.5114286774,1.005263567
3033.5471733776,1.0050565004
3032.5829180777,1.0044790506
3031.6186627778,1.004019022
3030.654407478,1.0043170452
3029.6901521781,1.0049648285
3028.7258968782,1.0053311586
3027.7616415784,1.0054222345
3026.7973862785,1.0053850412
3025.8331309786,1.0054336786
3024.8688756788,1.0056138039
3023.9046203789,1.0056123734
3022.940365079,1.0054521561
3021.9761097792,1.0054365396
3021.0118544793,1.005597949
3020.0475991794,1.0057456493
3019.0833438796,1.0057742596
3018.1190885797,1.0057910681
3017.1548332798,1.0057542324
3016.19057798,1.005700469
3015.2263226801,1.0060309172
3014.2620673802,1.0063962936
3013.2978120804,1.0061526299
3012.3335567805,1.0058873892
3011.3693014806,1.0059459209
3010.4050461808,1.0057467222
3009.4407908809,1.0054643154
3008.4765355811,1.0055024624
3007.5122802812,1.0055898428
3006.5480249813,1.0055145025
3005.5837696815,1.0053639412
3004.6195143816,1.0052820444
3003.6552590817,1.0053563118
3002.6910037819,1.0055044889
3001.726748482,1.005595088
3000.7624931821,1.0056316853
2999.7982378823,1.0057201385
2998.8339825824,1.0059365034
2997.8697272825,1.0060659647
2996.9054719827,1.0058267117
2995.9412166828,1.0054448843
2994.9769613829,1.0053032637
2994.0127060831,1.0055334568
2993.0484507832,1.0058902502
2992.0841954833,1.005874157
2991.1199401835,1.005553484
2990.1556848836,1.0053596497
2989.1914295837,1.0052764416
2988.2271742839,1.0051705837
2987.262918984,1.0051416159
2986.2986636841,1.0052098036
2985.3344083843,1.005235672
2984.3701530844,1.0051890612
2983.4058977845,1.005202055
2982.4416424847,1.0053143501
2981.4773871848,1.0053677559
2980.5131318849,1.0053150654
2979.5488765851,1.0051862001
2978.5846212852,1.0049568415
2977.6203659853,1.0048000813
2976.6561106855,1.0048576593
2975.6918553856,1.0049999952
2974.7276000858,1.0050060749
2973.7633447859,1.0048125982
2972.799089486,1.0046695471
2971.8348341862,1.0047309399
2970.8705788863,1.0048274994
2969.9063235864,1.0048186779
2968.9420682866,1.0047627687
2967.9778129867,1.0047540665
2967.0135576868,1.0047814846
2966.049302387,1.0047944784
2965.0850470871,1.004783988
2964.1207917872,1.0047569275
2963.1565364874,1.0047078133
2962.1922811875,1.0046608448
2961.2280258876,1.0046809912
2960.2637705878,1.0047633648
2959.2995152879,1.0048173666
2958.335259988,1.0048003197
2957.3710046882,1.004760623
2956.4067493883,1.0047432184
2955.4424940884,1.0047622919
2954.4782387886,1.004871726
2953.5139834887,1.0050925016
2952.5497281888,1.0051977634
2951.585472889,1.0050237179
2950.6212175891,1.00481534
2949.6569622892,1.0047653913
2948.6927069894,1.0049197674
2947.7284516895,1.005226016
2946.7641963896,1.0053465366
2945.7999410898,1.0053038597
2944.8356857899,1.0054405928
2943.87143049,1.0054837465
2942.9071751902,1.0051597357
2941.9429198903,1.0048526525
2940.9786645905,1.0047947168
2940.0144092906,1.0048310757
2939.0501539907,1.0048295259
2938.0858986909,1.0047665834
2937.121643391,1.0046873093
2936.1573880911,1.0046280622
2935.1931327913,1.004599452
2934.2288774914,1.0045719147
2933.2646221915,1.0045255423
2932.3003668917,1.0045403242
2931.3361115918,1.0047390461
2930.3718562919,1.005001545
2929.4076009921,1.004961133
2928.4433456922,1.0046600103
2927.4790903923,1.0044939518
2926.5148350925,1.0045222044
2925.5505797926,1.0045861006
2924.5863244927,1.0046366453
2923.6220691929,1.0046787262
2922.657813893,1.0047028065
2921.6935585931,1.0047158003
2920.7293032933,1.0047588348
2919.7650479934,1.0048679113
2918.8007926935,1.0050064325
2917.8365373937,1.0051580667
2916.8722820938,1.0053056479
2915.9080267939,1.0054200888
2914.9437714941,1.0057098866
2913.9795161942,1.0060770512
2913.0152608943,1.0059520006
2912.0510055945,1.0054442883
2911.0867502946,1.0051189661
2910.1224949947,1.0050057173
2909.1582396949,1.0049556494
2908.193984395,1.0049840212
2907.2297290951,1.0050544739
2906.2654737953,1.0050992966
2905.3012184954,1.0051118135
2904.3369631956,1.0051131248
2903.3727078957,1.0051243305
2902.4084525958,1.005166173
2901.444197296,1.0052257776
2900.4799419961,1.0052478313
2899.5156866962,1.0052177906
2898.5514313964,1.0051894188
2897.5871760965,1.0052429438
2896.6229207966,1.0053611994
2895.6586654968,1.005364418
2894.6944101969,1.0052404404
2893.730154897,1.0051829815
2892.7658995972,1.0052052736
2891.8016442973,1.0052146912
2890.8373889974,1.0052080154
2889.8731336976,1.0052073002
2888.9088783977,1.005207777
2887.9446230978,1.0052226782
2886.980367798,1.0052784681
2886.0161124981,1.005335927
2885.0518571982,1.0053472519
2884.0876018984,1.005338192
2883.1233465985,1.0053521395
2882.1590912986,1.0053857565
2881.1948359988,1.0053889751
2880.2305806989,1.0053349733
2879.266325399,1.005278945
2878.3020700992,1.0052719116
2877.3378147993,1.005284667
2876.3735594994,1.0053056479
2875.4093041996,1.0054826736
2874.4450488997,1.005892396
2873.4807935998,1.0061024427
2872.5165383,1.0057749748
2871.5522830001,1.0053547621
2870.5880277003,1.0052264929
2869.6237724004,1.005259037
2868.6595171005,1.0052965879
2867.6952618007,1.0052831173
2866.7310065008,1.0052351952
2865.7667512009,1.0052142143
2864.8024959011,1.0052183867
2863.8382406012,1.0052376986
2862.8739853013,1.0052775145
2861.9097300015,1.0053453445
2860.9454747016,1.0054484606
2859.9812194017,1.0054693222
2859.0169641019,1.0053435564
2858.052708802,1.0052607059
2857.0884535021,1.0053060055
2856.1241982023,1.0053673983
2855.1599429024,1.0053805113
2854.1956876025,1.0053613186
2853.2314323027,1.0053671598
2852.2671770028,1.0054271221
2851.3029217029,1.0054955482
2850.3386664031,1.0055474043
2849.3744111032,1.0056320429
2848.4101558033,1.0057094097
2847.4459005035,1.0056495667
2846.4816452036,1.005513072
2845.5173899037,1.0054752827
2844.5531346039,1.005543828
2843.588879304,1.0056128502
2842.6246240041,1.0056444407
2841.6603687043,1.0056899786
2840.6961134044,1.0058817863
2839.7318581045,1.0062719584
2838.7676028047,1.0064831972
2837.8033475048,1.0062055588
2836.839092205,1.0058345795
2835.8748369051,1.0057574511
2834.9105816052,1.005810976
2833.9463263054,1.0058094263
2832.9820710055,1.0058217049
2832.0178157056,1.00588727
2831.0535604058,1.0059342384
2830.0893051059,1.0059316158
2829.125049806,1.0059226751
2828.1607945062,1.0059376955
2827.1965392063,1.0059695244
2826.2322839064,1.0060052872
2825.2680286066,1.0060076714
2824.3037733067,1.0059781075
2823.3395180068,1.0059845448
2822.375262707,1.0060323477
2821.4110074071,1.0060442686
2820.4467521072,1.0059994459
2819.4824968074,1.0059570074
2818.5182415075,1.0059546232
2817.5539862076,1.0059895515
2816.5897309078,1.0060317516
2815.6254756079,1.0060423613
2814.661220308,1.0060341358
2813.6969650082,1.0060281754
2812.7327097083,1.0060344934
2811.7684544084,1.0060857534
2810.8041991086,1.0061645508
2809.8399438087,1.0061665773
2808.8756885088,1.006093502
2807.911433209,1.0060727596
2806.9471779091,1.0060991049
2805.9829226092,1.0061006546
2805.0186673094,1.006098032
2804.0544120095,1.006123662
2803.0901567097,1.0061503649
2802.1259014098,1.0061644316
2801.1616461099,1.0061861277
2800.1973908101,1.0062500238
2799.2331355102,1.0063860416
2798.2688802103,1.0064688921
2797.3046249105,1.0063967705
2796.3403696106,1.0063037872
2795.3761143107,1.0062571764
2794.4118590109,1.0062224865
2793.447603711,1.0062383413
2792.4833484111,1.0062987804
2791.5190931113,1.0063313246
2790.5548378114,1.0064121485
2789.5905825115,1.0065704584
2788.6263272117,1.0065480471
2787.6620719118,1.0063391924
2786.6978166119,1.0062478781
2785.7335613121,1.0063027143
2784.7693060122,1.0063691139
2783.8050507123,1.0064108372
2782.8407954125,1.0064170361
2781.8765401126,1.0064016581
2780.9122848127,1.0064162016
2779.9480295129,1.0064628124
2778.983774213,1.0064918995
2778.0195189131,1.0064862967
2777.0552636133,1.00651896
2776.0910083134,1.0066530704
2775.1267530135,1.0067484379
2774.1624977137,1.0066831112
2773.1982424138,1.0065925121
2772.2339871139,1.0065764189
2771.2697318141,1.006590724
2770.3054765142,1.0066111088
2769.3412212144,1.0066382885
2768.3769659145,1.0066534281
2767.4127106146,1.0066363811
2766.4484553148,1.0066088438
2765.4842000149,1.0066007376
2764.519944715,1.0066058636
2763.5556894152,1.0066123009
2762.5914341153,1.0066261292
2761.6271788154,1.0066354275
2760.6629235156,1.0065995455
2759.6986682157,1.0065408945
2758.7344129158,1.0065379143
2757.770157616,1.0065863132
2756.8059023161,1.0066086054
2755.8416470162,1.0065928698
2754.8773917164,1.0065758228
2753.9131364165,1.0065648556
2752.9488811166,1.0065596104
2751.9846258168,1.0065797567
2751.0203705169,1.0066229105
2750.056115217,1.0066469908
2749.0918599172,1.0066721439
2748.1276046173,1.006722331
2747.1633493174,1.0067082644
2746.1990940176,1.0066423416
2745.2348387177,1.0066325665
2744.2705834178,1.0066515207
2743.306328118,1.0066376925
2742.3420728181,1.0066050291
2741.3778175182,1.0065814257
2740.4135622184,1.006577611
2739.4493069185,1.0065979958
2738.4850516186,1.0066114664
2737.5207963188,1.0065960884
2736.5565410189,1.0066128969
2735.5922857191,1.0066598654
2734.6280304192,1.0066595078
2733.6637751193,1.0066324472
2732.6995198195,1.0066269636
2731.7352645196,1.006627202
2730.7710092197,1.0066277981
2729.8067539199,1.0066325665
2728.84249862,1.0066441298
2727.8782433201,1.0067085028
2726.9139880203,1.0067856312
2725.9497327204,1.006739378
2724.9854774205,1.0066336393
2724.0212221207,1.0066491365
2723.0569668208,1.0067551136
2722.0927115209,1.0068078041
2721.1284562211,1.0067836046
2720.1642009212,1.0067437887
2719.1999456213,1.0067042112
2718.2356903215,1.006675601
2717.2714350216,1.0066787004
2716.3071797217,1.0067026615
2715.3429244219,1.006727457
2714.378669122,1.006727457
2713.4144138221,1.0067028999
2712.4501585223,1.0066875219
2711.4859032224,1.0066857338
2710.5216479225,1.0066834688
2709.5573926227,1.0066913366
2708.5931373228,1.0067116022
2707.6288820229,1.0067203045
2706.6646267231,1.0067206621
2705.7003714232,1.0067403316
2704.7361161233,1.0067768097
2703.7718608235,1.0068058968
2702.8076055236,1.0068218708
2701.8433502237,1.006821394
2700.8790949239,1.0068018436
2699.914839624,1.006785512
2698.9505843242,1.0067788363
2697.9863290243,1.0067728758
2697.0220737244,1.0067757368
2696.0578184246,1.0067882538
2695.0935631247,1.0067938566
2694.1293078248,1.0067814589
2693.165052525,1.0067745447
2692.2007972251,1.0067952871
2691.2365419252,1.0068260431
2690.2722866254,1.0068520308
2689.3080313255,1.0068593025
2688.3437760256,1.0068444014
2687.3795207258,1.0068330765
2686.4152654259,1.0068291426
2685.451010126,1.0068149567
2684.4867548262,1.0067962408
2683.5224995263,1.0067939758
2682.5582442264,1.0068126917
2681.5939889266,1.0068348646
2680.6297336267,1.0068398714
2679.6654783268,1.0068352222
2678.701223027,1.0068458319
2677.7369677271,1.0068585873
2676.7727124272,1.0068546534
2675.8084571274,1.0068595409
2674.8442018275,1.0068860054
2673.8799465276,1.0069023371
2672.9156912278,1.0068906546
2671.9514359279,1.0068739653
2670.987180628,1.0068711042
2670.0229253282,1.0068769455
2669.0586700283,1.0068978071
2668.0944147284,1.0069369078
2667.1301594286,1.0069578886
2666.1659041287,1.0069435835
2665.2016488289,1.0069336891
2664.237393529,1.0069550276
2663.2731382291,1.0069881678
2662.3088829293,1.0070024729
2661.3446276294,1.0069862604
2660.3803723295,1.006960392
2659.4161170297,1.0069648027
2658.4518617298,1.0069915056
2657.4876064299,1.0069820881
2656.5233511301,1.006939292
2655.5590958302,1.0069168806
2654.5948405303,1.0069332123
2653.6305852305,1.0069807768
2652.6663299306,1.0070290565
2651.7020746307,1.0070441961
2650.7378193309,1.0070384741
2649.773564031,1.007049799
2648.8093087311,1.0070790052
2647.8450534313,1.0070888996
2646.8807981314,1.0070772171
2645.9165428315,1.0070617199
2644.9522875317,1.0070340633
2643.9880322318,1.0070110559
2643.0237769319,1.0070157051
2642.0595216321,1.0070223808
2641.0952663322,1.0070232153
2640.1310110323,1.0070539713
2639.1667557325,1.0070855618
2638.2025004326,1.0070681572
2637.2382451327,1.0070420504
2636.2739898329,1.0070585012
2635.309734533,1.0070983171
2634.3454792331,1.0071151257
2633.3812239333,1.0070931911
2632.4169686334,1.0070585012
2631.4527133336,1.0070421696
2630.4884580337,1.0070489645
2629.5242027338,1.0070694685
2628.559947434,1.0070872307
2627.5956921341,1.0070962906
2626.6314368342,1.0071108341
2625.6671815344,1.007132411
2624.7029262345,1.0071464777
2623.7386709346,1.0071427822
2622.7744156348,1.0071337223
2621.8101603349,1.0071388483
2620.845905035,1.007142663
2619.8816497352,1.0071436167
2618.9173944353,1.0071591139
2617.9531391354,1.0071657896
2616.9888838356,1.0071641207
2616.0246285357,1.0071798563
2615.0603732358,1.0071846247
2614.096117936,1.0071661472
2613.1318626361,1.0071696043
2612.1676073362,1.0071958303
2611.2033520364,1.0071921349
2610.2390967365,1.0071476698
2609.2748414366,1.0071160793
2608.3105861368,1.0071204901
2607.3463308369,1.0071320534
2606.382075537,1.0071569681
2605.4178202372,1.0072022676
2604.4535649373,1.0072255135
2603.4893096374,1.0072127581
2602.5250543376,1.0071930885
2601.5607990377,1.0071890354
2600.5965437378,1.0071835518
2599.632288438,1.00715518
2598.6680331381,1.007130146
2597.7037778383,1.0071305037
2596.7395225384,1.0071467161
2595.7752672385,1.0071806908
2594.8110119387,1.007222414
2593.8467566388,1.0072581768
2592.8825013389,1.0072911978
2591.9182460391,1.0073043108
2590.9539907392,1.0072914362
2589.9897354393,1.0072820187
2589.0254801395,1.0072826147
2588.0612248396,1.0072705746
2587.0969695397,1.0072479248
2586.1327142399,1.0072598457
2585.16845894,1.0073111057
2584.2042036401,1.0073449612
2583.2399483403,1.0073376894
2582.2756930404,1.0073168278
2581.3114377405,1.0073093176
2580.3471824407,1.0073149204
2579.3829271408,1.0073119402
2578.4186718409,1.0073019266
2577.4544165411,1.0072923899
2576.4901612412,1.0072747469
2575.5259059413,1.0072578192
2574.5616506415,1.007260561
2573.5973953416,1.0072799921
2572.6331400417,1.007303834
2571.6688847419,1.0073109865
2570.704629442,1.0072932243
2569.7403741421,1.0072706938
2568.7761188423,1.0072672367
2567.8118635424,1.0072979927
2566.8476082425,1.0073435307
2565.8833529427,1.0073770285
2564.9190976428,1.0073910952
2563.954842343,1.0073809624
2562.9905870431,1.0073609352
2562.0263317432,1.0073595047
2561.0620764434,1.0073829889
2560.0978211435,1.0073963404
2559.1335658436,1.007368803
2558.1693105438,1.0073350668
2557.2050552439,1.007339716
2556.240799944,1.0073611736
2555.2765446442,1.0073590279
2554.3122893443,1.007353425
2553.3480340444,1.0073726177
2552.3837787446,1.0074034929
2551.4195234447,1.0074385405
2550.4552681448,1.0074714422
2549.491012845,1.0074732304
2548.5267575451,1.0074363947
2547.5625022452,1.0073900223
2546.5982469454,1.0073764324
2545.6339916455,1.0074082613
2544.6697363456,1.0074441433
2543.7054810458,1.0074653625
2542.7412257459,1.0074905157
2541.776970446,1.0074952841
2540.8127151462,1.0074771643
2539.8484598463,1.0074945688
2538.8842045464,1.0075460672
2537.9199492466,1.007578969
2536.9556939467,1.0075805187
2535.9914386468,1.0075650215
2535.027183347,1.0075491667
2534.0629280471,1.0075393915
2533.0986727472,1.0075421333
2532.1344174474,1.007573843
2531.1701621475,1.0076274872
2530.2059068477,1.0076649189
2529.2416515478,1.0076611042
2528.2773962479,1.0076367855
2527.3131409481,1.0076265335
2526.3488856482,1.0076377392
2525.3846303483,1.0076602697
2524.4203750485,1.007679224
2523.4561197486,1.0076931715
2522.4918644487,1.0077044964
2521.5276091489,1.0077170134
2520.563353849,1.0077337027
2519.5990985491,1.0077235699
2518.6348432493,1.0076824427
2517.6705879494,1.0076647997
2516.7063326495,1.0076961517
2515.7420773497,1.0077382326
2514.7778220498,1.0077415705
2513.8135667499,1.0076934099
2512.8493114501,1.0076436996
2511.8850561502,1.0076514482
2510.9208008503,1.0077003241
2509.9565455505,1.0077420473
2508.9922902506,1.0077637434
2508.0280349507,1.0077588558
2507.0637796509,1.0077265501
2506.099524351,1.0076817274
2505.1352690511,1.0076563358
2504.1710137513,1.0076823235
2503.2067584514,1.0077199936
2502.2425031515,1.0076948404
2501.2782478517,1.0076345205
2500.3139925518,1.0076172352
2499.3497372519,1.0076522827
2498.3854819521,1.0077078342
2497.4212266522,1.0077447891
2496.4569713524,1.0077453852
2495.4927160525,1.0077275038
2494.5284607526,1.0077149868
2493.5642054528,1.0077222586
2492.5999501529,1.0077431202
2491.635694853,1.0077724457
2490.6714395532,1.0077978373
2489.7071842533,1.0077791214
2488.7429289534,1.0077371597
2487.7786736536,1.0077396631
2486.8144183537,1.0077638626
2485.8501630538,1.0077534914
2484.885907754,1.0077444315
2483.9216524541,1.0077728033
2482.9573971542,1.0078002214
2481.9931418544,1.0078055859
2481.0288865545,1.0078134537
2480.0646312546,1.0078316927
2479.1003759548,1.007846117
2478.1361206549,1.0078543425
2477.171865355,1.0078623295
2476.2076100552,1.0078699589
2475.2433547553,1.0078712702
2474.2790994554,1.0078651905
2473.3148441556,1.0078701973
2472.3505888557,1.0078946352
2471.3863335558,1.0079151392
2470.422078256,1.0079226494
2469.4578229561,1.0079425573
2468.4935676562,1.0079708099
2467.5293123564,1.0079674721
2466.5650570565,1.0079373121
2465.6008017566,1.007925272
2464.6365464568,1.0079344511
2463.6722911569,1.0079368353
2462.708035857,1.007930398
2461.7437805572,1.0079392195
2460.7795252573,1.0079646111
2459.8152699575,1.0079710484
2458.8510146576,1.0079534054
2457.8867593577,1.0079494715
2456.9225040579,1.0079604387
2455.958248758,1.0079653263
2454.9939934581,1.0079684258
2454.0297381583,1.0079700947
2453.0654828584,1.0079746246
2452.1012275585,1.0079960823
2451.1369722587,1.0080091953
2450.1727169588,1.0079866648
2449.2084616589,1.0079678297
2448.2442063591,1.0079951286
2447.2799510592,1.0080457926
2446.3156957593,1.0080637932
2445.3514404595,1.0080379248
2444.3871851596,1.0080240965
2443.4229298597,1.0080462694
2442.4586745599,1.0080646276
2441.49441926,1.0080695152
2440.5301639601,1.0080704689
2439.5659086603,1.0080560446
2438.6016533604,1.0080310106
2437.6373980605,1.0080319643
2436.6731427607,1.0080506802
2435.7088874608,1.0080392361
2434.7446321609,1.0080186129
2433.7803768611,1.0080394745
2432.8161215612,1.0080794096
2431.8518662613,1.0080899
2430.8876109615,1.008063674
2429.9233556616,1.0080286264
2428.9591003617,1.0080003738
2427.9948450619,1.0079772472
2427.030589762,1.0079760551
2426.0663344622,1.008000493
2425.1020791623,1.0080270767
2424.1378238624,1.0080338717
2423.1735685626,1.0080223083
2422.2093132627,1.0080369711
2421.2450579628,1.0080792904
2420.280802663,1.0080977678
2419.3165473631,1.0080916882
2418.3522920632,1.0080748796
2417.3880367634,1.0080616474
2416.4237814635,1.0080807209
2415.4595261636,1.0081056356
2414.4952708638,1.0080958605
2413.5310155639,1.0080809593
2412.566760264,1.0081000328
2411.6025049642,1.0081297159
2410.6382496643,1.0081379414
2409.6739943644,1.0081365108
2408.7097390646,1.0081410408
2407.7454837647,1.0081425905
2406.7812284648,1.0081353188
2405.816973165,1.0081295967
2404.8527178651,1.0081250668
2403.8884625652,1.0081295967
2402.9242072654,1.0081410408
2401.9599519655,1.0081306696
2400.9956966656,1.0081084967
2400.0314413658,1.0081003904
2399.0671860659,1.008105278
2398.102930766,1.0081260204
2397.1386754662,1.0081582069
2396.1744201663,1.0081682205
2395.2101648664,1.0081543922
2394.2459095666,1.0081572533
2393.2816542667,1.0081689358
2392.3173989669,1.0081481934
2391.353143667,1.0080974102
2390.3888883671,1.0080559254
2389.4246330673,1.0080096722
2388.4603777674,1.00788939
2387.4961224675,1.0076576471
2386.5318671677,1.0072931051
2385.5676118678,1.0067739487
2384.6033565679,1.0060708523
2383.6391012681,1.0050867796
2382.6748459682,1.0036990643
2381.7105906683,1.0018581152
2380.7463353685,0.9995524287
2379.7820800686,0.9967756867
2378.8178247687,0.9935847521
2377.8535694689,0.990044117
2376.889314169,0.9862369299
2375.9250588691,0.9823313951
2374.9608035693,0.9784805179
2373.9965482694,0.9747534394
2373.0322929695,0.9711879492
2372.0680376697,0.9678307772
2371.1037823698,0.9646890759
2370.1395270699,0.961756587
2369.1752717701,0.9590488672
2368.2110164702,0.9565554261
2367.2467611703,0.9542624354
2366.2825058705,0.9521682858
2365.3182505706,0.9502985477
2364.3539952707,0.9487581253
2363.3897399709,0.9476014972
2362.425484671,0.9466972947
2361.4612293711,0.9461098313
2360.4969740713,0.9459146857
2359.5327187714,0.9459360242
2358.5684634716,0.9464937449
2357.6042081717,0.947938621
2356.6399528718,0.949770987
2355.675697572,0.9515912533
2354.7114422721,0.9541303515
2353.7471869722,0.9580383897
2352.7829316724,0.9627404213
2351.8186763725,0.9681770802
2350.8544210726,0.9751039147
2349.8901657728,0.9819514155
2348.9259104729,0.9845274687
2347.961655173,0.9808229804
2346.9973998732,0.9737946987
2346.0331445733,0.9676154256
2345.0688892734,0.9637152553
2344.1046339736,0.9618432522
2343.1403786737,0.9612426758
2342.1761233738,0.9610671997
2341.211868074,0.9609305263
2340.2476127741,0.9610028863
2339.2833574742,0.9616165757
2338.3191021744,0.9624552727
2337.3548468745,0.9628919959
2336.3905915746,0.9633250833
2335.4263362748,0.9642723799
2334.4620809749,0.9649773836
2333.497825675,0.9650028944
2332.5335703752,0.9648631811
2331.5693150753,0.9649557471
2330.6050597754,0.9654731154
2329.6408044756,0.9664932489
2328.6765491757,0.9679314494
2327.7122938758,0.9695378542
2326.748038576,0.9709181786
2325.7837832761,0.9717616439
2324.8195279763,0.9721835256
2323.8552726764,0.9726371765
2322.8910173765,0.9735361934
2321.9267620767,0.9749032259
2320.9625067768,0.9764795303
2319.9982514769,0.9781871438
2319.0339961771,0.980073452
2318.0697408772,0.9821508527
2317.1054855773,0.9840795994
2316.1412302775,0.9855903983
2315.1769749776,0.9868791103
2314.2127196777,0.9879955053
2313.2484643779,0.989105165
2312.284209078,0.9903820157
2311.3199537781,0.9917265773
2310.3556984783,0.9930779338
2309.3914431784,0.9943719506
2308.4271878785,0.9956157804
2307.4629325787,0.9967714548
2306.4986772788,0.9978320003
2305.5344219789,0.9988293648
2304.5701666791,0.9997137189
2303.6059113792,1.0004791021
2302.6416560793,1.0011196136
2301.6774007795,1.0016751289
2300.7131454796,1.0021635294
2299.7488901797,1.0026327372
2298.7846348799,1.0030736923
2297.82037958,1.0034162998
2296.8561242801,1.0037192106
2295.8918689803,1.0040084124
2294.9276136804,1.0043002367
2293.9633583805,1.0045616627
2292.9991030807,1.0048015118
2292.0348477808,1.00505054
2291.070592481,1.0052652359
2290.1063371811,1.0054841042
2289.1420818812,1.0056973696
2288.1778265814,1.0059013367
2287.2135712815,1.0060933828
2286.2493159816,1.0062651634
2285.2850606818,1.0064390898
2284.3208053819,1.0065712929
2283.356550082,1.0066168308
2282.3922947822,1.0065112114
2281.4280394823,1.006296277
2280.4637841824,1.0060504675
2279.4995288826,1.0058037043
2278.5352735827,1.0056062937
2277.5710182828,1.0054262877
2276.606762983,1.0052521229
2275.6425076831,1.0050784349
2274.6782523832,1.0048971176
2273.7139970834,1.004707098
2272.7497417835,1.0045175552
2271.7854864836,1.0043541193
2270.8212311838,1.0041738749
2269.8569758839,1.0039610863
2268.892720584,1.0037401915
2267.9284652842,1.0035492182
2266.9642099843,1.0033854246
2265.9999546844,1.0031831264
2265.0356993846,1.0029298067
2264.0714440847,1.002666831
2263.1071887848,1.0024272203
2262.142933485,1.0021891594
2261.1786781851,1.0019265413
2260.2144228852,1.0016229153
2259.2501675854,1.001313448
2258.2859122855,1.0010551214
2257.3216569857,1.0007964373
2256.3574016858,1.0004917383
2255.3931463859,1.0001672506
2254.4288910861,0.9998646975
2253.4646357862,0.999559164
2252.5003804863,0.9991941452
2251.5361251865,0.9988146424
2250.5718698866,0.9984784126
2249.6076145867,0.9981652498
2248.6433592869,0.9978352189
2247.679103987,0.997480154
2246.7148486871,0.9971132278
2245.7505933873,0.9967594743
2244.7863380874,0.9963994622
2243.8220827875,0.9959977865
2242.8578274877,0.9955995679
2241.8935721878,0.995236218
2240.9293168879,0.9948838949
2239.9650615881,0.9945241213
2239.0008062882,0.9941673279
2238.0365509883,0.9938155413
2237.0722956885,0.9934396744
2236.1080403886,0.9930176139
2235.1437850887,0.9925609827
2234.1795297889,0.9921206236
2233.215274489,0.9916908741
2232.2510191891,0.991217196
2231.2867638893,0.990696907
2230.3225085894,0.990152061
2229.3582532895,0.9895827174
2228.3939979897,0.9889790416
2227.4297426898,0.9883697629
2226.4654873899,0.9877492189
2225.5012320901,0.9870532155
2224.5369767902,0.9862834811
2223.5727214903,0.9854914546
2222.6084661905,0.984662652
2221.6442108906,0.9837576151
2220.6799555908,0.9827901125
2219.7157002909,0.9817775488
2218.751444991,0.9807348251
2217.7871896912,0.9796524048
2216.8229343913,0.9784756303
2215.8586790914,0.9771949649
2214.8944237916,0.9758648872
2213.9301684917,0.9745150208
2212.9659131918,0.9730957747
2212.001657892,0.971580863
2211.0374025921,0.9700056911
2210.0731472922,0.968365252
2209.1088919924,0.9666412473
2208.1446366925,0.9648534656
2207.1803813926,0.9630020857
2206.2161260928,0.9610610604
2205.2518707929,0.9590454102
2204.287615493,0.9569653869
2203.3233601932,0.9548018575
2202.3591048933,0.9525775909
2201.3948495934,0.9503067732
2200.4305942936,0.9479743242
2199.4663389937,0.9456045628
2198.5020836938,0.9432175159
2197.537828394,0.9407866597
2196.5735730941,0.9383055568
2195.6093177942,0.9358084202
2194.6450624944,0.9333310127
2193.6808071945,0.9308790565
2192.7165518946,0.9284306169
2191.7522965948,0.9260197282
2190.7880412949,0.9237166643
2189.823785995,0.9215158224
2188.8595306952,0.9193708301
2187.8952753953,0.9172897339
2186.9310200955,0.9153303504
2185.9667647956,0.9135220647
2185.0025094957,0.9118555784
2184.0382541959,0.9103603959
2183.073998896,0.9090726376
2182.1097435961,0.9079748988
2181.1454882963,0.9070602655
2180.1812329964,0.9063652754
2179.2169776965,0.9059047699
2178.2527223967,0.9056583047
2177.2884670968,0.9056213498
2176.3242117969,0.9058161974
2175.3599564971,0.9062358737
2174.3957011972,0.906850636
2173.4314458973,0.9076796174
2172.4671905975,0.9087384343
2171.5029352976,0.9099830389
2170.5386799977,0.9114043713
2169.5744246979,0.9130270481
2168.610169398,0.9148334861
2167.6459140981,0.9167758226
2166.6816587983,0.918810904
2165.7174034984,0.9209374189
2164.7531481985,0.9231902957
2163.7888928987,0.9255744219
2162.8246375988,0.9280454516
2161.8603822989,0.9305850267
2160.8961269991,0.9332177043
2159.9318716992,0.9359301329
2158.9676163993,0.9386721849
2158.0033610995,0.9414164424
2157.0391057996,0.9441820979
2156.0748504997,0.9469881654
2155.1105951999,0.9498057961
2154.1463399,0.9525796175
2153.1820846002,0.9552885294
2152.2178293003,0.9579790235
2151.2535740004,0.9606779814
2150.2893187006,0.9633274078
2149.3250634007,0.9658859968
2148.3608081008,0.9683684707
2147.396552801,0.9707829952
2146.4322975011,0.9731149673
2145.4680422012,0.9753516912
2144.5037869014,0.9775108695
2143.5395316015,0.979618907
2142.5752763016,0.9816563725
2141.6110210018,0.9835758209
2140.6467657019,0.9853560925
2139.682510402,0.9870352149
2138.7182551022,0.9886595607
2137.7539998023,0.9901713729
2136.7897445024,0.9915443063
2135.8254892026,0.9929044843
2134.8612339027,0.9942651987
2133.8969786028,0.9954996109
2132.932723303,0.9966099858
2131.9684680031,0.997651577
2131.0042127032,0.998627305
2130.0399574034,0.999541223
2129.0757021035,1.0003794432
2128.1114468036,1.0011315346
2127.1471915038,1.0018029213
2126.1829362039,1.0024136305
2125.218680904,1.003005147
2124.2544256042,1.0036042929
2123.2901703043,1.0041674376
2122.3259150044,1.0046266317
2121.3616597046,1.0050297976
2120.3974044047,1.0054521561
2119.4331491049,1.0058493614
2118.468893805,1.0061842203
2117.5046385051,1.0064957142
2116.5403832053,1.0067489147
2115.5761279054,1.0068906546
2114.6118726055,1.0070652962
2113.6476173057,1.0073860884
2112.6833620058,1.0077177286
2111.7191067059,1.0079575777
2110.7548514061,1.008149147
2109.7905961062,1.0083243847
2108.8263408063,1.0084825754
2107.8620855065,1.008625865
2106.8978302066,1.0087502003
2105.9335749067,1.0088678598
2104.9693196069,1.0089935064
2104.005064307,1.009119153
2103.0408090071,1.0092468262
2102.0765537073,1.0093700886
2101.1122984074,1.0094745159
2100.1480431075,1.0095705986
2099.1837878077,1.009660244
2098.2195325078,1.009717226
2097.2552772079,1.0097608566
2096.2910219081,1.00984025
2095.3267666082,1.0099486113
2094.3625113083,1.0100426674
2093.3982560085,1.0100958347
2092.4340007086,1.0100845098
2091.4697454087,1.0099105835
2090.5054901089,1.0096840858
2089.541234809,1.0097728968
2088.5769795091,1.0100771189
2087.6127242093,1.0102417469
2086.6484689094,1.0103241205
2085.6842136096,1.0104129314
2084.7199583097,1.0104725361
2083.7557030098,1.0105514526
2082.79144771,1.0106446743
2081.8271924101,1.010692358
2080.8629371102,1.0107088089
2079.8986818104,1.0107252598
2078.9344265105,1.0107332468
2077.9701712106,1.0107560158
2077.0059159108,1.0108240843
2076.0416606109,1.0108884573
2075.077405311,1.0108917952
2074.1131500112,1.0108867884
2073.1488947113,1.0109503269
2072.1846394114,1.0110515356
2071.2203841116,1.011136055
2070.2561288117,1.0111862421
2069.2918735118,1.0111880302
2068.327618212,1.0111517906
2067.3633629121,1.0109727383
2066.3991076122,1.0104132891
2065.4348523124,1.0097897053
2064.4705970125,1.0099484921
2063.5063417126,1.01075387
2062.5420864128,1.0112600327
2061.5778311129,1.011274457
2060.613575813,1.0112197399
2059.6493205132,1.0113230944
2058.6850652133,1.011474371
2057.7208099134,1.0115557909
2056.7565546136,1.0116081238
2055.7922993137,1.0116430521
2054.8280440138,1.0116790533
2053.863788714,1.0117149353
2052.8995334141,1.0117151737
2051.9352781143,1.0117146969
2050.9710228144,1.0117651224
2050.0067675145,1.0118472576
2049.0425122147,1.0118886232
2048.0782569148,1.0118707418
2047.1140016149,1.0118284225
2046.1497463151,1.0118086338
2045.1854910152,1.0117750168
2044.2212357153,1.011710763
2043.2569804155,1.0115300417
2042.2927251156,1.0110223293
2041.3284698157,1.0106985569
2040.3642145159,1.0111569166
2039.399959216,1.0118094683
2038.4357039161,1.0120606422
2037.4714486163,1.0121002197
2036.5071933164,1.0121405125
2035.5429380165,1.0121663809
2034.5786827167,1.0121730566
2033.6144274168,1.0121877193
2032.6501721169,1.0122196674
2031.6859168171,1.0122662783
2030.7216615172,1.0123060942
2029.7574062173,1.0123161077
2028.7931509175,1.0122928619
2027.8288956176,1.012244463
2026.8646403177,1.0122154951
2025.9003850179,1.0122781992
2024.936129718,1.0123398304
2023.9718744181,1.0122827291
2023.0076191183,1.0122318268
2022.0433638184,1.0123127699
2021.0791085185,1.0123761892
2020.1148532187,1.0121157169
2019.1505979188,1.0114477873
2018.1863426189,1.0104475021
2017.2220873191,1.0096837282
2016.2578320192,1.0102322102
2015.2935767194,1.0116413832
2014.3293214195,1.0124793053
2013.3650661196,1.0126314163
2012.4008108198,1.0126190186
2011.4365555199,1.0125778913
2010.47230022,1.012519002
2009.5080449202,1.0124521255
2008.5437896203,1.0123947859
2007.5795343204,1.0124126673
2006.6152790206,1.0125243664
2005.6510237207,1.0126388073
2004.6867684208,1.0126926899
2003.722513121,1.0127242804
2002.7582578211,1.0127518177
2001.7940025212,1.0127488375
2000.8297472214,1.0126686096
1999.8654919215,1.012483716
1998.9012366216,1.0123728514
1997.9369813218,1.012503624
1996.9727260219,1.0127037764
1996.008470722,1.0127689838
1995.0442154222,1.0126326084
1994.0799601223,1.0116938353
1993.1157048224,1.0093207359
1992.1514495226,1.0074980259
1991.1871942227,1.0088348389
1990.2229389228,1.0110185146
1989.258683623,1.0113172531
1988.2944283231,1.0110446215
1987.3301730232,1.0117205381
1986.3659177234,1.0125260353
1985.4016624235,1.0127942562
1984.4374071236,1.0128442049
1983.4731518238,1.012879014
1982.5088965239,1.0128853321
1981.5446412241,1.0128787756
1980.5803859242,1.0128766298
1979.6161306243,1.012878418
1978.6518753245,1.012876749
1977.6876200246,1.0128796101
1976.7233647247,1.0128953457
1975.7591094249,1.0129340887
1974.794854125,1.0129894018
1973.8305988251,1.0130302906
1972.8663435253,1.0130382776
1971.9020882254,1.0130319595
1970.9378329255,1.0130360126
1969.9735776257,1.0128852129
1969.0093223258,1.0118168592
1968.0450670259,1.0096641779
1967.0808117261,1.0085599422
1966.1165564262,1.0099486113
1965.1523011263,1.0119496584
1964.1880458265,1.0129231215
1963.2237905266,1.0130454302
1962.2595352267,1.0128287077
1961.2952799269,1.0126650333
1960.331024627,1.0128287077
1959.3667693271,1.0131169558
1958.4025140273,1.0132374763
1957.4382587274,1.0131735802
1956.4740034275,1.0128720999
1955.5097481277,1.0124967098
1954.5454928278,1.0125646591
1953.5812375279,1.0130470991
1952.6169822281,1.0133678913
1951.6527269282,1.0134108067
1950.6884716283,1.0133903027
1949.7242163285,1.0133748055
1948.7599610286,1.0132876635
1947.7957057288,1.0128115416
1946.8314504289,1.0118396282
1945.867195129,1.0112125874
1944.9029398292,1.0110801458
1943.9386845293,1.0091058016
1942.9744292294,1.00555408
1942.0101739296,1.0059462786
1941.0459186297,1.0100963116
1940.0816633298,1.0127669573
1939.11740803,1.0133888721
1938.1531527301,1.0135023594
1937.1888974302,1.0135633945
1936.2246421304,1.0136160851
1935.2603868305,1.0136010647
1934.2961315306,1.0134103298
1933.3318762308,1.0132009983
1932.3676209309,1.0132635832
1931.403365631,1.0134937763
1930.4391103312,1.0136264563
1929.4748550313,1.0136711597
1928.5105997314,1.0137127638
1927.5463444316,1.0137552023
1926.5820891317,1.0137404203
1925.6178338318,1.013417244
1924.653578532,1.0116142035
1923.6893232321,1.008004427
1922.7250679322,1.0063490868
1921.7608126324,1.0090162754
1920.7965573325,1.0119689703
1919.8323020326,1.0115990639
1918.8680467328,1.0080355406
1917.9037914329,1.005961895
1916.939536133,1.0089560747
1915.9752808332,1.0124415159
1915.0110255333,1.0136495829
1914.0467702335,1.0138363838
1913.0825149336,1.0139198303
1912.1182596337,1.0135197639
1911.1540043339,1.0118396282
1910.189749034,1.0099029541
1909.2254937341,1.0096843243
1908.2612384343,1.0107177496
1907.2969831344,1.0120368004
1906.3327278345,1.0132285357
1905.3684725347,1.0136120319
1904.4042172348,1.0135321617
1903.4399619349,1.0136818886
1902.4757066351,1.013898015
1901.5114513352,1.0140256882
1900.5471960353,1.0141499043
1899.5829407355,1.014212966
1898.6186854356,1.0141654015
1897.6544301357,1.013868928
1896.6901748359,1.0125820637
1895.725919536,1.0105580091
1894.7616642361,1.0103279352
1893.7974089363,1.0121968985
1892.8331536364,1.0135691166
1891.8688983365,1.0132104158
1890.9046430367,1.0103540421
1889.9403877368,1.0065304041
1888.9761324369,1.0071560144
1888.0118771371,1.0112639666
1887.0476218372,1.0136169195
1886.0833665373,1.0136662722
1885.1191112375,1.0130969286
1884.1548559376,1.0131298304
1883.1906006377,1.0137947798
1882.2263453379,1.0142753124
1881.262090038,1.0143489838
1880.2978347382,1.014231801
1879.3335794383,1.0141477585
1878.3693241384,1.0142155886
1877.4050688386,1.0143016577
1876.4408135387,1.0143448114
1875.4765582388,1.0143905878
1874.512302939,1.0144077539
1873.5480476391,1.014306426
1872.5837923392,1.0138187408
1871.6195370394,1.0120757818
1870.6552817395,1.0076990128
1869.6910264396,1.0010086298
1868.7267711398,0.9972572923
1867.7625158399,0.9997765422
1866.79826054,1.0047733784
1865.8340052402,1.0094043016
1864.8697499403,1.0125718117
1863.9054946404,1.0138932467
1862.9412393406,1.0139784813
1861.9769840407,1.0136585236
1861.0127287408,1.0135114193
1860.048473441,1.0134631395
1859.0842181411,1.0132650137
1858.1199628412,1.013376832
1857.1557075414,1.0139188766
1856.1914522415,1.0143015385
1855.2271969416,1.0143926144
1854.2629416418,1.0143734217
1853.2986863419,1.0142630339
1852.334431042,1.014170289
1851.3701757422,1.014167428
1850.4059204423,1.0139267445
1849.4416651424,1.0124416351
1848.4774098426,1.0097677708
1847.5131545427,1.0084700584
1846.5488992429,1.0082981586
1845.584643943,1.0047564507
1844.6203886431,0.9984066486
1843.6561333433,0.9992237687
1842.6918780434,1.0059213638
1841.7276227435,1.0106458664
1840.7633674437,1.0129162073
1839.7991121438,1.0136389732
1838.8348568439,1.0128145218
1837.8706015441,1.0109940767
1836.9063462442,1.010471344
1835.9420909443,1.0119764805
1834.9778356445,1.0131486654
1834.0135803446,1.0130478144
1833.0493250447,1.012617588
1832.0850697449,1.0109604597
1831.120814445,1.0050067902
1830.1565591451,0.9966841936
1829.1923038453,0.9974983931
1828.2280485454,1.0056765079
1827.2637932455,1.0097545385
1826.2995379457,1.0069258213
1825.3352826458,1.0029107332
1824.3710273459,1.0053408146
1823.4067720461,1.0099259615
1822.4425167462,1.0121036768
1821.4782614463,1.0131100416
1820.5140061465,1.0137864351
1819.5497508466,1.0138199329
1818.5854955467,1.013060689
1817.6212402469,1.0122845173
1816.656984947,1.0126225948
1815.6927296471,1.0134913921
1814.7284743473,1.0137488842
1813.7642190474,1.0129371881
1812.7999637476,1.0107750893
1811.8357084477,1.0072860718
1810.8714531478,1.0049788952
1809.907197848,1.0069097281
1808.9429425481,1.0098903179
1807.9786872482,1.010820508
1807.0144319484,1.01146698
1806.0501766485,1.0124769211
1805.0859213486,1.0127488375
1804.1216660488,1.0117144585
1803.1574107489,1.0087424517
1802.193155449,1.0056236982
1801.2289001492,1.004016161
1800.2646448493,1.0025243759
1799.3003895494,1.0035152435
1798.3361342496,1.0075132847
1797.3718789497,1.0087115765
1796.4076236498,1.0065968037
1795.44336835,1.006054163
1794.4791130501,1.0057809353
1793.5148577502,1.0005699396
1792.5506024504,0.9933449626
1791.5863471505,0.9941028953
1790.6220918506,1.001115799
1789.6578365508,1.0078485012
1788.6935812509,1.0115662813
1787.729325951,1.0126819611
1786.7650706512,1.0120434761
1785.8008153513,1.0095998049
1784.8365600514,1.0078873634
1783.8723047516,1.0094100237
1782.9080494517,1.0106357336
1781.9437941518,1.0080280304
1780.979538852,1.0038583279
1780.0152835521,1.004077673
1779.0510282522,1.0079376698
1778.0867729524,1.0105415583
1777.1225176525,1.0097266436
1776.1582623527,1.0064092875
1775.1940070528,1.0042544603
1774.2297517529,1.0019299984
1773.2654964531,0.9937103391
1772.3012411532,0.9843067527
1771.3369858533,0.9890186787
1770.3727305535,0.9994689822
1769.4084752536,1.0036475658
1768.4442199537,1.0025556087
1767.4799646539,1.0045028925
1766.515709354,1.009331584
1765.5514540541,1.0117733479
1764.5871987543,1.0116277933
1763.6229434544,1.0088763237
1762.6586881545,1.0026147366
1761.6944328547,0.9988540411
1760.7301775548,1.0036078691
1759.7659222549,1.0084539652
1758.8016669551,1.0084364414
1757.8374116552,1.0046623945
1756.8731563553,1.0019708872
1755.9089010555,1.0052080154
1754.9446457556,1.0095951557
1753.9803904557,1.0102783442
1753.0161351559,1.006710887
1752.051879856,0.9991034865
1751.0876245561,0.9925569892
1750.1233692563,0.9913875461
1749.1591139564,0.9899325371
1748.1948586565,0.989561677
1747.2306033567,0.9938362241
1746.2663480568,0.9992810488
1745.3020927569,1.0015553236
1744.3378374571,0.999139905
1743.3735821572,0.9972105026
1742.4093268574,1.0007984638
1741.4450715575,1.0025177002
1740.4808162576,0.9973995686
1739.5165609578,0.994507432
1738.5523056579,0.9999918938
1737.588050358,1.0045051575
1736.6237950582,1.0040091276
1735.6595397583,0.9969570637
1734.6952844584,0.9815890789
1733.7310291586,0.9758179188
1732.7667738587,0.9892228246
1731.8025185588,0.9978861213
1730.838263259,0.9981561303
1729.8740079591,0.9980627298
1728.9097526592,1.0037373304
1727.9454973594,1.0089828968
1726.9812420595,1.0106292963
1726.0169867596,1.0107083321
1725.0527314598,1.0094311237
1724.0884761599,1.0068336725
1723.12422086,1.0059630871
1722.1599655602,1.0075702667
1721.1957102603,1.0080744028
1720.2314549604,1.0040227175
1719.2671996606,0.9924925566
1718.3029443607,0.9761802554
1717.3386890608,0.9748417735
1716.374433761,0.9827597141
1715.4101784611,0.985378027
1714.4459231612,0.9890434742
1713.4816678614,0.9977737665
1712.5174125615,1.0048223734
1711.5531572616,1.0062903166
1710.5889019618,1.0045661926
1709.6246466619,1.0047022104
1708.6603913621,1.0053384304
1707.6961360622,1.0009189844
1706.7318807623,0.9927267432
1705.7676254625,0.9887605309
1704.8033701626,0.9907268882
1703.8391148627,0.9953606725
1702.8748595629,0.997780025
1701.910604263,0.9929052591
1700.9463489631,0.9768676758
1699.9820936633,0.9684702754
1699.0178383634,0.9813075066
1698.0535830635,0.9866796136
1697.0893277637,0.9830133319
1696.1250724638,0.9773193002
1695.1608171639,0.9863451123
1694.1965618641,0.9989686012
1693.2323065642,1.0055984259
1692.2680512643,1.0072084665
1691.3037959645,1.0047297478
1690.3395406646,1.0002787113
1689.3752853647,0.997361362
1688.4110300649,0.9975255728
1687.446774765,0.9988219142
1686.4825194651,0.9961459637
1685.5182641653,0.9826993346
1684.5540088654,0.9581010938
1683.5897535655,0.9632863402
1682.6254982657,0.9853702784
1681.6612429658,0.9951481819
1680.6969876659,0.9957660437
1679.7327323661,0.9977396131
1678.7684770662,1.0035579205
1677.8042217663,1.0061794519
1676.8399664665,1.002245307
1675.8757111666,0.993065536
1674.9114558668,0.9909700155
1673.9472005669,0.9985077381
1672.982945267,1.0008426905
1672.0186899672,0.9962540269
1671.0544346673,0.9907016754
1670.0901793674,0.9857507348
1669.1259240676,0.9838685989
1668.1616687677,0.9929727316
1667.1974134678,1.0035784245
1666.233158168,1.0086337328
1665.2689028681,1.0088274479
1664.3046475682,1.0046818256
1663.3403922684,0.9971233606
1662.3761369685,0.9950224757
1661.4118816686,1.0014723539
1660.4476263688,1.0073103905
1659.4833710689,1.0096302032
1658.519115769,1.0095350742
1657.5548604692,1.0079362392
1656.5906051693,1.0043973923
1655.6263498694,0.9961268306
1654.6620945696,0.9790731072
1653.6978392697,0.9533135295
1652.7335839698,0.9576904178
1651.76932867,0.9839602709
1650.8050733701,0.9966924787
1649.8408180702,0.9991381764
1648.8765627704,0.9913911819
1647.9123074705,0.9777221084
1646.9480521706,0.9711865783
1645.9837968708,0.9803512096
1645.0195415709,0.9952529073
1644.055286271,1.0043679476
1643.0910309712,1.0075924397
1642.1267756713,1.0081219673
1641.1625203715,1.0080621243
1640.1982650716,1.007496953
1639.2340097717,1.0048179626
1638.2697544719,0.9978099465
1637.305499172,0.9879783988
1636.3412438721,0.9777971506
1635.3769885723,0.9756342769
1634.4127332724,0.9904209971
1633.4484779725,1.0030584335
1632.4842226727,1.008682847
1631.5199673728,1.0103458166
1630.5557120729,1.0102641582
1629.5914567731,1.0076642036
1628.6272014732,1.0019065142
1627.6629461733,0.9990931749
1626.6986908735,1.0032750368
1625.7344355736,1.0059938431
1624.7701802737,1.0014513731
1623.8059249739,0.9926205277
1622.841669674,0.9927449226
1621.8774143741,1.0010765791
1620.9131590743,1.0066783428
1619.9489037744,1.0078839064
1618.9846484745,1.0053676367
1618.0203931747,0.9977424741
1617.0561378748,0.9869642854
1616.0918825749,0.98926121
1615.1276272751,1.0003092289
1614.1633719752,1.0069738626
1613.1991166753,1.0094044209
1612.2348613755,1.0099623203
1611.2706060756,1.0090790987
1610.3063507757,1.0064934492
1609.3420954759,1.0047439337
1608.377840176,1.0052993298
1607.4135848762,1.0062557459
1606.4493295763,1.0077226162
1605.4850742764,1.0094969273
1604.5208189766,1.0093671083
1603.5565636767,1.0079370737
1602.5923083768,1.0076246262
1601.628053077,1.0085650682
1600.6637977771,1.0098212957
1599.6995424772,1.0109664202
1598.7352871774,1.0114505291
1597.7710318775,1.0109729767
1596.8067765776,1.0098292828
1595.8425212778,1.0083661079
1594.8782659779,1.0074360371
1593.914010678,1.0082162619
1592.9497553782,1.009778738
1591.9855000783,1.0103379488
1591.0212447784,1.010127902
1590.0569894786,1.0101262331
1589.0927341787,1.0106351376
1588.1284788788,1.0113110542
1587.164223579,1.0116142035
1586.1999682791,1.0116337538
1585.2357129792,1.0115630627
1584.2714576794,1.0113713741
1583.3072023795,1.0111392736
1582.3429470796,1.0110089779
1581.3786917798,1.0109298229
1580.4144364799,1.010545969
1579.45018118,1.0090117455
1578.4859258802,1.0045394897
1577.5216705803,0.9952072501
1576.5574152804,0.9837984443
1575.5931599806,0.9871371388
1574.6289046807,0.9991748333
1573.6646493808,1.0061602592
1572.700394081,1.0082205534
1571.7361387811,1.0060636997
1570.7718834813,0.9976449013
1569.8076281814,0.9862518311
1568.8433728815,0.989559412
1567.8791175817,1.001188755
1566.9148622818,1.0061033964
1565.9506069819,1.0031731129
1564.9863516821,0.9990977645
1564.0220963822,1.0012247562
1563.0578410823,1.0045251846
1562.0935857825,1.0019450188
1561.1293304826,0.9906337261
1560.1650751827,0.9641174078
1559.2008198829,0.9305411577
1558.236564583,0.9428399801
1557.2723092831,0.974339664
1556.3080539833,0.9892287254
1555.3437986834,0.9909589291
1554.3795433835,0.989607811
1553.4152880837,0.9962379932
1552.4510327838,1.0030038357
1551.4867774839,1.0019977093
1550.5225221841,0.9952430129
1549.5582668842,0.9946459532
1548.5940115843,1.0021300316
1547.6297562845,1.0062588453
1546.6655009846,1.0025801659
1545.7012456847,0.9924278855
1544.7369903849,0.9833483696
1543.772735085,0.9796109796
1542.8084797851,0.9743901491
1541.8442244853,0.9663582444
1540.8799691854,0.9570391178
1539.9157138855,0.9469259977
1538.9514585857,0.9601789713
1537.9872032858,0.9848432541
1537.022947986,0.9981420636
1536.0586926861,1.001257658
1535.0944373862,0.9957536459
1534.1301820864,0.9844704866
1533.1659267865,0.9815385342
1532.2016714866,0.9912354946
1531.2374161868,1.0002818108
1530.2731608869,1.0037949085
1529.308905587,1.0004618168
1528.3446502872,0.9936145544
1527.3803949873,0.9899929762
1526.4161396874,0.9880509973
1525.4518843876,0.9863482118
1524.4876290877,0.987652123
1523.5233737878,0.9856852889
1522.559118488,0.9749572277
1521.5948631881,0.9632732868
1520.6306078882,0.9705215096
1519.6663525884,0.985499084
1518.7020972885,0.989382565
1517.7378419886,0.9805879593
1516.7735866888,0.974788487
1515.8093313889,0.9841610193
1514.845076089,0.9948673844
1513.8808207892,0.9996745586
1512.9165654893,0.9983583689
1511.9523101894,0.9958079457
1510.9880548896,0.9938749075
1510.0237995897,0.9875027537
1509.0595442898,0.9755538106
1508.09528899,0.9599027038
1507.1310336901,0.9430448413
1506.1667783902,0.950470984
1505.2025230904,0.9788175225
1504.2382677905,0.9965750575
1503.2740124907,1.0034825802
1502.3097571908,1.0043643713
1501.3455018909,1.0037636757
1500.3812465911,1.0016512871
1499.4169912912,0.9960997701
1498.4527359913,0.9921668172
1497.4884806915,0.991338551
1496.5242253916,0.9903223515
1495.5599700917,0.9956233501
1494.5957147919,1.0041633844
1493.631459492,1.0083143711
1492.6672041921,1.0069630146
1491.7029488923,0.9990522265
1490.7386935924,0.985791266
1489.7744382925,0.9806540012
1488.8101829927,0.9866317511
1487.8459276928,0.9914100766
1486.8816723929,0.9959855676
1485.9174170931,1.0031945705
1484.9531617932,1.0086774826
1483.9889064933,1.010630846
1483.0246511935,1.0097620487
1482.0603958936,1.006963253
1481.0961405937,1.0057138205
1480.1318852939,1.007930994
1479.167629994,1.0099461079
1478.2033746941,1.0081928968
1477.2391193943,1.0015949011
1476.2748640944,0.9951444864
1475.3106087945,0.994728744
1474.3463534947,0.992133081
1473.3820981948,0.9820257425
1472.4178428949,0.9774067402
1471.4535875951,0.9890704751
1470.4893322952,1.0018672943
1469.5250769954,1.0082223415
1468.5608216955,1.0098633766
1467.5965663956,1.0092535019
1466.6323110958,1.0057954788
1465.6680557959,0.9986114502
1464.703800496,0.9952631593
1463.7395451962,1.0016069412
1462.7752898963,1.0076527596
1461.8110345964,1.0091950893
1460.8467792966,1.0063183308
1459.8825239967,0.9974847436
1458.9182686968,0.9834154248
1457.954013397,0.9707238674
1456.9897580971,0.9692732692
1456.0255027972,0.9805307388
1455.0612474974,0.9931325316
1454.0969921975,1.0021030903
1453.1327368976,1.005659461
1452.1684815978,1.0060302019
1451.2042262979,1.00753057
1450.239970998,1.0088539124
1449.2757156982,1.0060429573
1448.3114603983,1.000962615
1447.3472050984,1.001586318
1446.3829497986,1.0068662167
1445.4186944987,1.0102497339
1444.4544391988,1.0113180876
1443.490183899,1.0116745234
1442.5259285991,1.0117305517
1441.5616732992,1.0116331577
1440.5974179994,1.0114090443
1439.6331626995,1.0105150938
1438.6689073996,1.0072460175
1437.7046520998,0.9992385507
1436.7403967999,0.9912893772
1435.7761415001,0.996414721
1434.8118862002,1.0044219494
1433.8476309003,1.0074689388
1432.8833756005,1.0079393387
1431.9191203006,1.0075507164
1430.9548650007,1.0045675039
1429.9906097009,1.0016579628
1429.026354401,1.0041922331
1428.0620991011,1.0086991787
1427.0978438013,1.0109333992
1426.1335885014,1.0104849339
1425.1693332015,1.0063838959
1424.2050779017,1.0012336969
1423.2408226018,1.0024297237
1422.2765673019,1.0071260929
1421.3123120021,1.0069038868
1420.3480567022,0.9990130067
1419.3838014023,0.9887885451
1418.4195461025,0.9900405407
1417.4552908026,0.9973179102
1416.4910355027,1.003328681
1415.5267802029,1.0080446005
1414.562524903,1.0109483004
1413.5982696031,1.0116209984
1412.6340143033,1.0107295513
1411.6697590034,1.009898901
1410.7055037035,1.0101583004
1409.7412484037,1.0110267401
1408.7769931038,1.0118584633
1407.8127378039,1.0121239424
1406.8484825041,1.0104575157
1405.8842272042,1.0060288906
1404.9199719043,1.003254056
1403.9557166045,1.0064647198
1402.9914613046,1.0105702877
1402.0272060048,1.0117259026
1401.0629507049,1.0097178221
1400.098695405,1.0040951967
1399.1344401052,0.9986917377
1398.1701848053,0.9997255206
1397.2059295054,1.0022855997
1396.2416742056,1.0002115965
1395.2774189057,0.9959700704
1394.3131636058,0.9979380369
1393.348908306,1.0052694082
1392.3846530061,1.010099411
1391.4203977062,1.0113261938
1390.4561424064,1.0112738609
1389.4918871065,1.0101308823
1388.5276318066,1.0060412884
1387.5633765068,1.0013272762
1386.5991212069,1.0027974844
1385.634865907,1.0081160069
1384.6706106072,1.0114467144
1383.7063553073,1.012327075
1382.7421000074,1.0123696327
1381.7778447076,1.0122785568
1380.8135894077,1.0118472576
1379.8493341078,1.0109890699
1378.885078808,1.0102102757
1377.9208235081,1.0101710558
1376.9565682082,1.0098563433
1375.9923129084,1.0067079067
1375.0280576085,1.001306653
1374.0638023086,0.9995316267
1373.0995470088,1.004041791
1372.1352917089,1.0093291998
1371.171036409,1.0116411448
1370.2067811092,1.0110685825
1369.2425258093,1.009137392
1368.2782705095,1.0088396072
1367.3140152096,1.0108202696
1366.3497599097,1.0123450756
1365.3855046099,1.0117427111
1364.42124931,1.0076477528
1363.4569940101,1.0014322996
1362.4927387103,0.9998058081
1361.5284834104,1.0034656525
1360.5642281105,1.0077257156
1359.5999728107,1.0107584
1358.6357175108,1.012005806
1357.6714622109,1.0122610331
1356.7072069111,1.0122387409
1355.7429516112,1.0115492344
1354.7786963113,1.0111247301
1353.8144410115,1.0119020939
1352.8501857116,1.0128067732
1351.8859304117,1.0130214691
1350.9216751119,1.0126613379
1349.957419812,1.0120249987
1348.9931645121,1.011909008
1348.0289092123,1.0125333071
1347.0646539124,1.0130804777
1346.1003986125,1.013224721
1345.1361433127,1.0131975412
1344.1718880128,1.0131244659
1343.2076327129,1.0129520893
1342.2433774131,1.0115938187
1341.2791221132,1.0075546503
1340.3148668133,1.0025013685
1339.3506115135,1.0011428595
1338.3863562136,1.0038763285
1337.4221009137,1.0069447756
1336.4578456139,1.0091980696
1335.493590314,1.0113198757
1334.5293350141,1.0127791166
1333.5650797143,1.0131866932
1332.6008244144,1.0132139921
1331.6365691146,1.01316607
1330.6723138147,1.013028264
1329.7080585148,1.0129823685
1328.743803215,1.0130873919
1327.7795479151,1.0131866932
1326.8152926152,1.0132008791
1325.8510373154,1.013212204
1324.8867820155,1.0131477118
1323.9225267156,1.0130035877
1322.9582714158,1.0128711462
1321.9940161159,1.0125468969
1321.029760816,1.0115431547
1320.0655055162,1.0098582506
1319.1012502163,1.0087798834
1318.1369949164,1.0091485977
1317.1727396166,1.0101456642
1316.2084843167,1.0110281706
1315.2442290168,1.0113527775
1314.279973717,1.0108492374
1313.3157184171,1.0103033781
1312.3514631172,1.0107674599
1311.3872078174,1.0119476318
1310.4229525175,1.0127036572
1309.4586972176,1.0126335621
1308.4944419178,1.0123170614
1307.5301866179,1.0123603344
1306.565931318,1.0126422644
1305.6016760182,1.0127857924
1304.6374207183,1.0128177404
1303.6731654184,1.0128489733
1302.7089101186,1.0128751993
1301.7446548187,1.0129187107
1300.7803995188,1.0129373074
1299.816144219,1.0129002333
1298.8518889191,1.0128036737
1297.8876336193,1.0125951767
1296.9233783194,1.0124065876
1295.9591230195,1.0124802589
1294.9948677197,1.0126793385
1294.0306124198,1.0127239227
1293.0663571199,1.012675643
1292.1021018201,1.0126091242
1291.1378465202,1.0124909878
1290.1735912203,1.0123349428
1289.2093359205,1.0120226145
1288.2450806206,1.01167202
1287.2808253207,1.0117789507
1286.3165700209,1.0122770071
1285.352314721,1.0126185417
1284.3880594211,1.0127109289
1283.4238041213,1.0127351284
1282.4595488214,1.0127173662
1281.4952935215,1.0126246214
1280.5310382217,1.0125085115
1279.5667829218,1.0124992132
1278.6025276219,1.0125849247
1277.6382723221,1.0126398802
1276.6740170222,1.0126553774
1275.7097617223,1.0126383305
1274.7455064225,1.0125403404
1273.7812511226,1.0122168064
1272.8169958227,1.0115475655
1271.8527405229,1.0109758377
1270.888485223,1.0109914541
1269.9242299231,1.0112675428
1268.9599746233,1.0114576817
1267.9957193234,1.011633873
1267.0314640235,1.0117509365
1266.0672087237,1.0117555857
1265.1029534238,1.0117623806
1264.138698124,1.01181674
1263.1744428241,1.0118266344
1262.2101875242,1.011582613
1261.2459322244,1.0109928846
1260.2816769245,1.0106164217
1259.3174216246,1.0109108686
1258.3531663248,1.0113465786
1257.3889110249,1.0114902258
1256.424655725,1.0114810467
1255.4604004252,1.0114177465
1254.4961451253,1.0113178492
1253.5318898254,1.0112384558
1252.5676345256,1.0112104416
1251.6033792257,1.0111761093
1250.6391239258,1.0110925436
1249.674868626,1.0109878778
1248.7106133261,1.0108872652
1247.7463580262,1.010784626
1246.7821027264,1.0106682777
1245.8178474265,1.0104807615
1244.8535921266,1.0101845264
1243.8893368268,1.0099921227
1242.9250815269,1.0100309849
1241.960826227,1.010071516
1240.9965709272,1.0099719763
1240.0323156273,1.0098084211
1239.0680603274,1.0096423626
1238.1038050276,1.0094736814
1237.1395497277,1.009308815
1236.1752944278,1.0091437101
1235.211039128,1.0089385509
1234.2467838281,1.0086944103
1233.2825285282,1.0084531307
1232.3182732284,1.0082253218
1231.3540179285,1.0079818964
1230.3897626287,1.0077064037
1229.4255073288,1.0074043274
1228.4612520289,1.0070924759
1227.4969967291,1.0067541599
1226.5327414292,1.0063183308
1225.5684861293,1.0058473349
1224.6042308295,1.0055155754
1223.6399755296,1.005268693
1222.6757202297,1.0049145222
1221.7114649299,1.0044645071
1220.74720963,1.0040028095
1219.7829543301,1.003513217
1218.8186990303,1.002994895
1217.8544437304,1.0024769306
1216.8901884305,1.001938343
1215.9259331307,1.0013594627
1214.9616778308,1.0007616282
1213.9974225309,1.0000852346
1213.0331672311,0.9992761016
1212.0689119312,0.9984960556
1211.1046566313,0.9978662729
1210.1404013315,0.9972391129
1209.1761460316,0.9964851141
1208.2118907317,0.9956501126
1207.2476354319,0.9947918653
1206.283380132,0.9939140677
1205.3191248321,0.9929937124
1204.3548695323,0.9920198321
1203.3906142324,0.9910213351
1202.4263589325,0.9900151491
1201.4621036327,0.9889900684
1200.4978483328,0.9879332185
1199.5335930329,0.9868312478
1198.5693377331,0.9856954813
1197.6050824332,0.9845802784
1196.6408271334,0.9834859371
1195.6765718335,0.982365787
1194.7123165336,0.9812268019
1193.7480612338,0.9800751209
1192.7838059339,0.9789093137
1191.819550634,0.9777542949
1190.8552953342,0.9766256213
1189.8910400343,0.9755260348
1188.9267847344,0.9744442701
1187.9625294346,0.973369956
1186.9982741347,0.9723932147
1186.0340188348,0.9716281891
1185.069763535,0.9709817171
1184.1055082351,0.9703309536
1183.1412529352,0.9697272778
1182.1769976354,0.969237566
1181.2127423355,0.9688512087
1180.2484870356,0.9685063362
1179.2842317358,0.9681958556
1178.3199764359,0.9679921269
1177.355721136,0.9678979516
1176.3914658362,0.9677925706
1175.4272105363,0.967587471
1174.4629552364,0.967417717
1173.4986999366,0.9674164057
1172.5344446367,0.9674519897
1171.5701893368,0.967395246
1170.605934037,0.9672884345
1169.6416787371,0.9671716094
1168.6774234372,0.9670216441
1167.7131681374,0.9668022394
1166.7489128375,0.9665315747
1165.7846575376,0.9662612081
1164.8204022378,0.9659719467
1163.8561469379,0.9656314254
1162.8918916381,0.9652408361
1161.9276363382,0.964805603
1160.9633810383,0.9643265009
1159.9991257385,0.9637772441
1159.0348704386,0.9631500244
1158.0706151387,0.9624788165
1157.1063598389,0.9617862701
1156.142104539,0.9610378146
1155.1778492391,0.9601910114
1154.2135939393,0.959253788
1153.2493386394,0.9582580328
1152.2850833395,0.9572296739
1151.3208280397,0.9561738372
1150.3565727398,0.9550957084
1149.3923174399,0.9540129304
1148.4280621401,0.9529044032
1147.4638068402,0.9517418742
1146.4995515403,0.9505434632
1145.5352962405,0.9492764473
1144.5710409406,0.9479039907
1143.6067856407,0.9465063214
1142.6425303409,0.945135653
1141.678275041,0.9437400103
1140.7140197411,0.9422963858
1139.7497644413,0.9408421516
1138.7855091414,0.9393832684
1137.8212538415,0.9378640056
1136.8569985417,0.9362521172
1135.8927432418,0.9346197844
1134.9284879419,0.9330676198
1133.9642326421,0.9315487146
1132.9999773422,0.929966867
1132.0357220423,0.9283380508
1131.0714667425,0.9267072082
1130.1072114426,0.9250776768
1129.1429561427,0.9234343767
1128.1787008429,0.9217665792
1127.214445543,0.9200478792
1126.2501902432,0.91828686
1125.2859349433,0.9165593982
1124.3216796434,0.9148871899
1123.3574243436,0.9132083654
1122.3931690437,0.9114772081
1121.4289137438,0.9097269177
1120.464658444,0.9080127478
1119.5004031441,0.9063398838
1118.5361478442,0.9046788216
1117.5718925444,0.9030212164
1116.6076372445,0.9013948441
1115.6433819446,0.8998164535
1114.6791266448,0.8982697129
1113.7148713449,0.8967037797
1112.750616045,0.8951044083
1111.7863607452,0.8935394883
1110.8221054453,0.892049849
1109.8578501454,0.8906009793
1108.8935948456,0.8891427517
1107.9293395457,0.8876624703
1106.9650842458,0.8862121105
1106.000828946,0.8848484159
1105.0365736461,0.8835403919
1104.0723183462,0.8822422028
1103.1080630464,0.8809602857
1102.1438077465,0.8797017336
1101.1795524466,0.8784837723
1100.2152971468,0.8773483038
1099.2510418469,0.8762954473
1098.286786547,0.875248313
1097.3225312472,0.8741865158
1096.3582759473,0.8731771708
1095.3940206474,0.8722419739
1094.4297653476,0.8713677526
1093.4655100477,0.8705247641
1092.5012547479,0.8696839213
1091.536999448,0.868892014
1090.5727441481,0.8682028055
1089.6084888483,0.8675745726
1088.6442335484,0.8669675589
1087.6799782485,0.8664281368
1086.7157229487,0.8659904003
1085.7514676488,0.8656355739
1084.7872123489,0.8653457165
1083.8229570491,0.8651256561
1082.8587017492,0.8650146723
1081.8944464493,0.8650707603
1080.9301911495,0.8652935028
1079.9659358496,0.8656377792
1079.0016805497,0.8661016226
1078.0374252499,0.8666930199
1077.07316995,0.8674036264
1076.1089146501,0.8682610393
1075.1446593503,0.8692978024
1074.1804040504,0.8705112934
1073.2161487505,0.8719067574
1072.2518934507,0.8734818101
1071.2876381508,0.875218749
1070.3233828509,0.8771051764
1069.3591275511,0.8791337013
1068.3948722512,0.8813286424
1067.4306169513,0.8836811185
1066.4663616515,0.8861526847
1065.5021063516,0.8887580633
1064.5378510517,0.8915013671
1063.5735957519,0.8943392038
1062.609340452,0.8972508311
1061.6450851521,0.9002431035
1060.6808298523,0.9032867551
1059.7165745524,0.9063584208
1058.7523192526,0.9094728827
1057.7880639527,0.912624836
1056.8238086528,0.9157813191
1055.859553353,0.9188824296
1054.8952980531,0.9218917489
1053.9310427532,0.9248489738
1052.9667874534,0.9277737737
1052.0025321535,0.9306045771
1051.0382768536,0.9332841635
1050.0740215538,0.9357891679
1049.1097662539,0.9381175637
1048.145510954,0.9402870536
1047.1812556542,0.9422997832
1046.2170003543,0.9441329837
1045.2527450544,0.9457349777
1044.2884897546,0.9470694065
1043.3242344547,0.9481624961
1042.3599791548,0.9490397573
1041.395723855,0.9496762156
1040.4314685551,0.9500247836
1039.4672132552,0.9500884414
1038.5029579554,0.9498865008
1037.5387026555,0.9493952394
1036.5744473556,0.9486169815
1035.6101920558,0.9475693107
1034.6459367559,0.9462385178
1033.681681456,0.9446496964
1032.7174261562,0.9428651333
1031.7531708563,0.9409074187
1030.7889155564,0.9387645125
1029.8246602566,0.9364119172
1028.8604049567,0.9338627458
1027.8961496568,0.931178689
1026.931894357,0.9284068346
1025.9676390571,0.9255757332
1025.0033837573,0.9226741791
1024.0391284574,0.9196856022
1023.0748731575,0.9166367054
1022.1106178577,0.9135460854
1021.1463625578,0.9104270339
1020.1821072579,0.9073174
1019.2178519581,0.904250443
1018.2535966582,0.9012150764
1017.2893413583,0.8982028961
1016.3250860585,0.8952519894
1015.3608307586,0.8924073577
1014.3965754587,0.8896816373
1013.4323201589,0.8870551586
1012.468064859,0.8845242858
1011.5038095591,0.8821253181
1010.5395542593,0.8799018264
1009.5752989594,0.8778700233
1008.6110436595,0.8760195374
1007.6467883597,0.8743599057
1006.6825330598,0.8729308844
1005.7182777599,0.8717252612
1004.7540224601,0.8707176447
1003.7897671602,0.8699407578
1002.8255118603,0.8693999052
1001.8612565605,0.8690673113
1000.8970012606,0.8689290285
999.9327459607,0.8689548373
998.9684906609,0.8691148758
998.004235361,0.8693822026
997.0399800611,0.8697218895
996.0757247613,0.8700945973
995.1114694614,0.8704432249
994.1472141615,0.8707076907
993.1829588617,0.8708568811
992.2187035618,0.8708446026
991.254448262,0.8705903888
990.2901929621,0.8700887561
989.3259376622,0.8693880439
988.3616823624,0.8684844971
987.3974270625,0.8673492074
986.4331717626,0.8659752607
985.4689164628,0.8643671274
984.5046611629,0.8625307083
983.540405863,0.8604944944
982.5761505632,0.8583188653
981.6118952633,0.8560472727
980.6476399634,0.8537011743
979.6833846636,0.8513723612
978.7191293637,0.8491667509
977.7548740638,0.8471112251
976.790618764,0.8452499509
975.8263634641,0.8436341882
974.8621081642,0.8422424197
973.8978528644,0.8410152793
972.9335975645,0.8398711681
971.9693422646,0.8387272358
971.0050869648,0.8375712633
970.0408316649,0.8363971114
969.076576365,0.8350935578
968.1123210652,0.833550334
967.1480657653,0.8317550421
966.1838104654,0.8297303319
965.2195551656,0.827488482
964.2552998657,0.825021565
963.2910445658,0.8223384619
962.326789266,0.8195022941
961.3625339661,0.8165626526
960.3982786662,0.8135228157
959.4340233664,0.8104071617
958.4697680665,0.8072348833
957.5055127667,0.8040089011
956.5412574668,0.8007625937
955.5770021669,0.7975263
954.6127468671,0.7943272591
953.6484915672,0.7911806107
952.6842362673,0.7881082296
951.7199809675,0.7851791382
950.7557256676,0.7824174166
949.7914703677,0.7797902822
948.8272150679,0.777300477
947.862959768,0.774985671
946.8987044681,0.7728812695
945.9344491683,0.7710183263
944.9701938684,0.7693889737
944.0059385685,0.7679418921
943.0416832687,0.7666719556
942.0774279688,0.7656032443
941.1131726689,0.7646911144
940.1489173691,0.7638933063
939.1846620692,0.7632244229
938.2204067693,0.7626837492
937.2561514695,0.7622537017
936.2918961696,0.7619203925
935.3276408697,0.7616642714
934.3633855699,0.7614654303
933.39913027,0.7613472939
932.4348749701,0.7613684535
931.4706196703,0.7615359426
930.5063643704,0.7618231773
929.5421090705,0.7622103095
928.5778537707,0.7626829743
927.6135984708,0.7632294297
926.6493431709,0.7638233304
925.6850878711,0.7644329667
924.7208325712,0.7650292516
923.7565772714,0.7655968666
922.7923219715,0.7661356926
921.8280666716,0.7666359544
920.8638113718,0.7670698166
919.8995560719,0.7674293518
918.935300772,0.7677242756
917.9710454722,0.7679414153
917.0067901723,0.7680917978
916.0425348724,0.7682035565
915.0782795726,0.7682349682
914.1140242727,0.7681183219
913.1497689728,0.7678836584
912.185513673,0.7675978541
911.2212583731,0.767236948
910.2570030732,0.7667472959
909.2927477734,0.7661446333
908.3284924735,0.7654834986
907.3642371736,0.7647520304
906.3999818738,0.7638828158
905.4357265739,0.7628452182
904.471471274,0.7616876364
903.5072159742,0.7604888678
902.5429606743,0.7592275143
901.5787053744,0.7578550577
900.6144500746,0.756423831
899.6501947747,0.7549811006
898.6859394748,0.7535119057
897.721684175,0.7520033717
896.7574288751,0.7504556775
895.7931735752,0.7489011288
894.8289182754,0.7473850846
893.8646629755,0.7458788157
892.9004076756,0.744355619
891.9361523758,0.7428971529
890.9718970759,0.741538465
890.007641776,0.7401637435
889.0433864762,0.7386938334
888.0791311763,0.7371824384
887.1148758765,0.7356623411
886.1506205766,0.7341264486
885.1863652767,0.7326006293
884.2221099769,0.7310629487
883.257854677,0.7294434309
882.2935993771,0.727743268
881.3293440773,0.7260283828
880.3650887774,0.7243456244
879.4008334775,0.7226884961
878.4365781777,0.7210386992
877.4723228778,0.7194429636
876.5080675779,0.717890799
875.5438122781,0.7162842155
874.5795569782,0.7146527767
873.6153016783,0.7131357789
872.6510463785,0.7117779851
871.6867910786,0.7104641199
870.7225357787,0.7091112733
869.7582804789,0.7077813745
868.794025179,0.7064880133
867.8297698791,0.7051444054
866.8655145793,0.7037253976
865.9012592794,0.7022731304
864.9370039795,0.7007801533
863.9727486797,0.6992226243
863.0084933798,0.6976101995
862.0442380799,0.6959196925
861.0799827801,0.6940531731
860.1157274802,0.6919382215
859.1514721803,0.6896015406
858.1872168805,0.6870208979
857.2229615806,0.6841388941
856.2587062807,0.6810204983
855.2944509809,0.6777433157
854.330195681,0.6741364002
853.3659403812,0.6699822545
852.4016850813,0.6654123664
851.4374297814,0.6605428457
850.4731744816,0.6552516222
849.5089191817,0.6494865417
848.5446638818,0.6431686878
847.580408582,0.636154294
846.6161532821,0.6284056306
845.6518979822,0.619875133
844.6876426824,0.61051929
843.7233873825,0.6004188061
842.7591320826,0.5895895958
841.7948767828,0.5779691935
840.8306214829,0.5656011701
839.866366183,0.5526369214
838.9021108832,0.5393330455
837.9378555833,0.5259770751
836.9736002834,0.5128127337
836.0093449836,0.5000750422
835.0450896837,0.4879860282
834.0808343838,0.476742208
833.116579084,0.4665647447
832.1523237841,0.4576073587
831.1880684842,0.4498134255
830.2238131844,0.4430888593
829.2595578845,0.43749246
828.2953025846,0.433201462
827.3310472848,0.4303463697
826.3667919849,0.4289794266
825.402536685,0.4291372597
824.4382813852,0.4308531284
823.4740260853,0.4341803789
822.5097707854,0.4391129613
821.5455154856,0.4457007945
820.5812601857,0.4541591704
819.6170048859,0.4646529257
818.652749586,0.4771842659
817.6884942861,0.4916955829
816.7242389863,0.5082470179
815.7599836864,0.5268966556
814.7957283865,0.5473681688
813.8314730867,0.5692183971
812.8672177868,0.5921169519
811.9029624869,0.6156534553
810.9387071871,0.6393168569
809.9744518872,0.6626108885
809.0101965873,0.6850035191
808.0459412875,0.706120491
807.0816859876,0.7258449793
806.1174306877,0.7440803051
805.1531753879,0.7606790662
804.188920088,0.7756227851
803.2246647881,0.7890194654
802.2604094883,0.8008460402
801.2961541884,0.8110331297
800.3318988885,0.81975317
799.3676435887,0.8272035122
798.4033882888,0.8334383965
797.4391329889,0.8385221362
796.4748776891,0.8425349593
795.5106223892,0.8456273079
794.5463670893,0.8479670286
793.5821117895,0.8496786952
792.6178564896,0.8508747816
791.6536011897,0.8514257669
790.6893458899,0.851162374
789.72509059,0.8503378034
788.7608352901,0.8492801189
787.7965799903,0.8479950428
786.8323246904,0.8464066982
785.8680693906,0.844591558
784.9038140907,0.8428074718
783.9395587908,0.8413089514
782.975303491,0.8400785327
782.0110481911,0.8390096426
781.0467928912,0.8381440043
780.0825375914,0.8375512958
779.1182822915,0.8372528553
778.1540269916,0.837343812
777.1897716918,0.8379637599
776.2255163919,0.8391173482
775.261261092,0.8407478333
774.2970057922,0.8427953124
773.3327504923,0.8452206254
772.3684951924,0.8480503559
771.4042398926,0.8511744142
770.4399845927,0.8545215726
769.4757292928,0.8583322167
768.511473993,0.8626747131
767.5472186931,0.8671950698
766.5829633932,0.8716487288
765.6187080934,0.8761379123
764.6544527935,0.8808578253
763.6901974936,0.8857958913
762.7259421938,0.8906710744
761.7616868939,0.8953698277
760.797431594,0.9000544548
759.8331762942,0.9047047496
758.8689209943,0.9092056751
757.9046656944,0.9136315584
756.9404103946,0.9179501534
755.9761550947,0.9219017625
755.0118997948,0.9254276752
754.047644495,0.9287244081
753.0833891951,0.9317267537
752.1191338953,0.9341711402
751.1548785954,0.9362065196
750.1906232955,0.9381975532
749.2263679957,0.9400833249
